year,state_abbr,state,county,fips,category,measure_id,measure,short_question_text,prevalence,lower_ci,upper_ci,total_population,adult_population,relative_ci_width
2022,OH,Ohio,Adams,39001,Prevention,ACCESS2,Current lack of health insurance among adults aged 18-64 years,Health Insurance,10.2,9,11.4,27420,20825,0.23529411764705888
2021,OH,Ohio,Adams,39001,Health Outcomes,BPHIGH,High blood pressure among adults,High Blood Pressure,35.3,31.5,39,27420,20825,0.21246458923512748
2022,OH,Ohio,Adams,39001,Prevention,CHECKUP,Visits to doctor for routine checkup within the past year among adults,Annual Checkup,76.5,72.5,80.1,27420,20825,0.0993464052287581
2022,OH,Ohio,Adams,39001,Health Risk Behaviors,CSMOKING,Current cigarette smoking among adults,Current Cigarette Smoking,24,21.3,26.7,27420,20825,0.22499999999999995
2022,OH,Ohio,Adams,39001,Health Outcomes,DEPRESSION,Depression among adults,Depression,29.7,25.8,33.8,27420,20825,0.26936026936026924
2022,OH,Ohio,Adams,39001,Health Outcomes,DIABETES,Diagnosed diabetes among adults,Diabetes,13.2,11.5,14.9,27420,20825,0.2575757575757576
2022,OH,Ohio,Adams,39001,Health-Related Social Needs,FOODINSECU,Food insecurity in the past 12 months among adults,Food Insecurity,15.8,14,17.6,27420,20825,0.22784810126582286
2022,OH,Ohio,Adams,39001,Health-Related Social Needs,LACKTRPT,Lack of reliable transportation in the past 12 months among adults,Transportation Barriers,9.8,8.8,10.8,27420,20825,0.2040816326530612
2022,OH,Ohio,Adams,39001,Health Risk Behaviors,LPA,No leisure-time physical activity among adults,Physical Inactivity,30.3,26,34.7,27420,20825,0.2871287128712872
2022,OH,Ohio,Adams,39001,Prevention,MAMMOUSE,Mammography use among women aged 50-74 years,Mammography,72.4,64.7,79.3,27420,20825,0.2016574585635358
2022,OH,Ohio,Adams,39001,Health Status,MHLTH,Frequent mental distress among adults,Frequent Mental Distress,23.2,21.1,25.4,27420,20825,0.18534482758620677
2022,OH,Ohio,Adams,39001,Health Outcomes,OBESITY,Obesity among adults,Obesity,45.2,37.9,52.6,27420,20825,0.32522123893805316
2022,OH,Ohio,Allen,39003,Prevention,ACCESS2,Current lack of health insurance among adults aged 18-64 years,Health Insurance,7.4,6.6,8.3,101115,77523,0.22972972972972985
2021,OH,Ohio,Allen,39003,Health Outcomes,BPHIGH,High blood pressure among adults,High Blood Pressure,35,31.5,38.6,101115,77523,0.2028571428571429
2022,OH,Ohio,Allen,39003,Prevention,CHECKUP,Visits to doctor for routine checkup within the past year among adults,Annual Checkup,74.1,70.6,77.5,101115,77523,0.09311740890688268
2022,OH,Ohio,Allen,39003,Health Risk Behaviors,CSMOKING,Current cigarette smoking among adults,Current Cigarette Smoking,22.5,20.2,25,101115,77523,0.21333333333333337
2022,OH,Ohio,Allen,39003,Health Outcomes,DEPRESSION,Depression among adults,Depression,27.7,24.5,31.2,101115,77523,0.2418772563176895
2022,OH,Ohio,Allen,39003,Health Outcomes,DIABETES,Diagnosed diabetes among adults,Diabetes,12.9,11.4,14.5,101115,77523,0.2403100775193798
2022,OH,Ohio,Allen,39003,Health-Related Social Needs,FOODINSECU,Food insecurity in the past 12 months among adults,Food Insecurity,14.1,12.6,15.8,101115,77523,0.22695035460992916
2022,OH,Ohio,Allen,39003,Health-Related Social Needs,LACKTRPT,Lack of reliable transportation in the past 12 months among adults,Transportation Barriers,9.7,8.8,10.7,101115,77523,0.19587628865979367
2022,OH,Ohio,Allen,39003,Health Risk Behaviors,LPA,No leisure-time physical activity among adults,Physical Inactivity,30.6,27.1,34.5,101115,77523,0.24183006535947707
2022,OH,Ohio,Allen,39003,Prevention,MAMMOUSE,Mammography use among women aged 50-74 years,Mammography,71.9,65.2,78.2,101115,77523,0.18080667593880387
2022,OH,Ohio,Allen,39003,Health Status,MHLTH,Frequent mental distress among adults,Frequent Mental Distress,21.6,19.8,23.7,101115,77523,0.18055555555555547
2022,OH,Ohio,Allen,39003,Health Outcomes,OBESITY,Obesity among adults,Obesity,47.1,42,52.4,101115,77523,0.22080679405520165
2022,OH,Ohio,Ashland,39005,Prevention,ACCESS2,Current lack of health insurance among adults aged 18-64 years,Health Insurance,7.2,6.4,8.1,52181,40624,0.236111111111111
2021,OH,Ohio,Ashland,39005,Health Outcomes,BPHIGH,High blood pressure among adults,High Blood Pressure,32.3,28.5,36.1,52181,40624,0.23529411764705888
2022,OH,Ohio,Ashland,39005,Prevention,CHECKUP,Visits to doctor for routine checkup within the past year among adults,Annual Checkup,75.7,71.8,79.3,52181,40624,0.09907529722589167
2022,OH,Ohio,Ashland,39005,Health Risk Behaviors,CSMOKING,Current cigarette smoking among adults,Current Cigarette Smoking,21.7,19.3,24.2,52181,40624,0.22580645161290316
2022,OH,Ohio,Ashland,39005,Health Outcomes,DEPRESSION,Depression among adults,Depression,28.5,24.7,32.5,52181,40624,0.2736842105263158
2022,OH,Ohio,Ashland,39005,Health Outcomes,DIABETES,Diagnosed diabetes among adults,Diabetes,11.5,10.1,13,52181,40624,0.2521739130434783
2022,OH,Ohio,Ashland,39005,Health-Related Social Needs,FOODINSECU,Food insecurity in the past 12 months among adults,Food Insecurity,12,10.6,13.5,52181,40624,0.2416666666666667
2022,OH,Ohio,Ashland,39005,Health-Related Social Needs,LACKTRPT,Lack of reliable transportation in the past 12 months among adults,Transportation Barriers,8.2,7.4,9,52181,40624,0.19512195121951217
2022,OH,Ohio,Ashland,39005,Health Risk Behaviors,LPA,No leisure-time physical activity among adults,Physical Inactivity,29,24.8,33.3,52181,40624,0.29310344827586193
2022,OH,Ohio,Ashland,39005,Prevention,MAMMOUSE,Mammography use among women aged 50-74 years,Mammography,75,67.8,81.5,52181,40624,0.1826666666666667
2022,OH,Ohio,Ashland,39005,Health Status,MHLTH,Frequent mental distress among adults,Frequent Mental Distress,21.4,19.5,23.4,52181,40624,0.18224299065420554
2022,OH,Ohio,Ashland,39005,Health Outcomes,OBESITY,Obesity among adults,Obesity,40.5,33.5,47.7,52181,40624,0.35061728395061736
2022,OH,Ohio,Ashtabula,39007,Prevention,ACCESS2,Current lack of health insurance among adults aged 18-64 years,Health Insurance,9.4,8.4,10.5,97014,76002,0.2234042553191489
2021,OH,Ohio,Ashtabula,39007,Health Outcomes,BPHIGH,High blood pressure among adults,High Blood Pressure,35.1,31.6,39.1,97014,76002,0.21367521367521367
2022,OH,Ohio,Ashtabula,39007,Prevention,CHECKUP,Visits to doctor for routine checkup within the past year among adults,Annual Checkup,75.5,71.9,78.8,97014,76002,0.09139072847682107
2022,OH,Ohio,Ashtabula,39007,Health Risk Behaviors,CSMOKING,Current cigarette smoking among adults,Current Cigarette Smoking,21.9,19.7,24.2,97014,76002,0.20547945205479454
2022,OH,Ohio,Ashtabula,39007,Health Outcomes,DEPRESSION,Depression among adults,Depression,27.3,24,30.7,97014,76002,0.24542124542124538
2022,OH,Ohio,Ashtabula,39007,Health Outcomes,DIABETES,Diagnosed diabetes among adults,Diabetes,12.3,10.8,13.8,97014,76002,0.24390243902439024
2022,OH,Ohio,Ashtabula,39007,Health-Related Social Needs,FOODINSECU,Food insecurity in the past 12 months among adults,Food Insecurity,18.1,16.2,20.2,97014,76002,0.22099447513812154
2022,OH,Ohio,Ashtabula,39007,Health-Related Social Needs,LACKTRPT,Lack of reliable transportation in the past 12 months among adults,Transportation Barriers,11.3,10.2,12.4,97014,76002,0.19469026548672574
2022,OH,Ohio,Ashtabula,39007,Health Risk Behaviors,LPA,No leisure-time physical activity among adults,Physical Inactivity,27.4,23.9,31,97014,76002,0.25912408759124095
2022,OH,Ohio,Ashtabula,39007,Prevention,MAMMOUSE,Mammography use among women aged 50-74 years,Mammography,74,67,80.2,97014,76002,0.17837837837837842
2022,OH,Ohio,Ashtabula,39007,Health Status,MHLTH,Frequent mental distress among adults,Frequent Mental Distress,21.8,20,23.7,97014,76002,0.1697247706422018
2022,OH,Ohio,Ashtabula,39007,Health Outcomes,OBESITY,Obesity among adults,Obesity,43.1,37.4,48.8,97014,76002,0.2645011600928074
2022,OH,Ohio,Athens,39009,Prevention,ACCESS2,Current lack of health insurance among adults aged 18-64 years,Health Insurance,7.6,6.7,8.5,58979,50122,0.23684210526315788
2021,OH,Ohio,Athens,39009,Health Outcomes,BPHIGH,High blood pressure among adults,High Blood Pressure,34.8,31.3,38.1,58979,50122,0.19540229885057475
2022,OH,Ohio,Athens,39009,Prevention,CHECKUP,Visits to doctor for routine checkup within the past year among adults,Annual Checkup,77.2,74,80.3,58979,50122,0.08160621761658027
2022,OH,Ohio,Athens,39009,Health Risk Behaviors,CSMOKING,Current cigarette smoking among adults,Current Cigarette Smoking,17.7,15.8,19.8,58979,50122,0.22598870056497175
2022,OH,Ohio,Athens,39009,Health Outcomes,DEPRESSION,Depression among adults,Depression,28.6,25.4,32,58979,50122,0.2307692307692308
2022,OH,Ohio,Athens,39009,Health Outcomes,DIABETES,Diagnosed diabetes among adults,Diabetes,11.7,10.4,13.2,58979,50122,0.23931623931623924
2022,OH,Ohio,Athens,39009,Health-Related Social Needs,FOODINSECU,Food insecurity in the past 12 months among adults,Food Insecurity,12.9,11.5,14.4,58979,50122,0.2248062015503876
2022,OH,Ohio,Athens,39009,Health-Related Social Needs,LACKTRPT,Lack of reliable transportation in the past 12 months among adults,Transportation Barriers,8.5,7.7,9.3,58979,50122,0.1882352941176471
2022,OH,Ohio,Athens,39009,Health Risk Behaviors,LPA,No leisure-time physical activity among adults,Physical Inactivity,23.6,20.7,26.7,58979,50122,0.2542372881355932
2022,OH,Ohio,Athens,39009,Prevention,MAMMOUSE,Mammography use among women aged 50-74 years,Mammography,73.7,67,79.6,58979,50122,0.17096336499321566
2022,OH,Ohio,Athens,39009,Health Status,MHLTH,Frequent mental distress among adults,Frequent Mental Distress,19.5,17.8,21.3,58979,50122,0.1794871794871795
2022,OH,Ohio,Athens,39009,Health Outcomes,OBESITY,Obesity among adults,Obesity,38.3,33.5,43.3,58979,50122,0.25587467362924277
2022,OH,Ohio,Auglaize,39011,Prevention,ACCESS2,Current lack of health insurance among adults aged 18-64 years,Health Insurance,6.2,5.4,7,45948,35074,0.2580645161290322
2021,OH,Ohio,Auglaize,39011,Health Outcomes,BPHIGH,High blood pressure among adults,High Blood Pressure,30.3,27,33.9,45948,35074,0.22772277227722768
2022,OH,Ohio,Auglaize,39011,Prevention,CHECKUP,Visits to doctor for routine checkup within the past year among adults,Annual Checkup,76.1,72.4,79.6,45948,35074,0.09461235216819959
2022,OH,Ohio,Auglaize,39011,Health Risk Behaviors,CSMOKING,Current cigarette smoking among adults,Current Cigarette Smoking,18.5,16.5,20.7,45948,35074,0.22702702702702698
2022,OH,Ohio,Auglaize,39011,Health Outcomes,DEPRESSION,Depression among adults,Depression,25.2,21.9,28.9,45948,35074,0.2777777777777778
2022,OH,Ohio,Auglaize,39011,Health Outcomes,DIABETES,Diagnosed diabetes among adults,Diabetes,10.1,8.8,11.6,45948,35074,0.27722772277227714
2022,OH,Ohio,Auglaize,39011,Health-Related Social Needs,FOODINSECU,Food insecurity in the past 12 months among adults,Food Insecurity,11.9,10.5,13.4,45948,35074,0.24369747899159666
2022,OH,Ohio,Auglaize,39011,Health-Related Social Needs,LACKTRPT,Lack of reliable transportation in the past 12 months among adults,Transportation Barriers,8,7.3,8.9,45948,35074,0.20000000000000007
2022,OH,Ohio,Auglaize,39011,Health Risk Behaviors,LPA,No leisure-time physical activity among adults,Physical Inactivity,23,19.6,26.6,45948,35074,0.30434782608695654
2022,OH,Ohio,Auglaize,39011,Prevention,MAMMOUSE,Mammography use among women aged 50-74 years,Mammography,72.9,65.4,79.6,45948,35074,0.19478737997256498
2022,OH,Ohio,Auglaize,39011,Health Status,MHLTH,Frequent mental distress among adults,Frequent Mental Distress,19,17.2,20.9,45948,35074,0.19473684210526312
2022,OH,Ohio,Auglaize,39011,Health Outcomes,OBESITY,Obesity among adults,Obesity,42.6,36.6,49,45948,35074,0.29107981220657275
2022,OH,Ohio,Belmont,39013,Prevention,ACCESS2,Current lack of health insurance among adults aged 18-64 years,Health Insurance,8.8,7.8,9.9,65509,53278,0.23863636363636367
2021,OH,Ohio,Belmont,39013,Health Outcomes,BPHIGH,High blood pressure among adults,High Blood Pressure,32.6,29.2,36.2,65509,53278,0.2147239263803682
2022,OH,Ohio,Belmont,39013,Prevention,CHECKUP,Visits to doctor for routine checkup within the past year among adults,Annual Checkup,76,72.6,79.2,65509,53278,0.08684210526315801
2022,OH,Ohio,Belmont,39013,Health Risk Behaviors,CSMOKING,Current cigarette smoking among adults,Current Cigarette Smoking,23.2,20.8,25.6,65509,53278,0.20689655172413796
2022,OH,Ohio,Belmont,39013,Health Outcomes,DEPRESSION,Depression among adults,Depression,28.1,24.9,31.5,65509,53278,0.2348754448398577
2022,OH,Ohio,Belmont,39013,Health Outcomes,DIABETES,Diagnosed diabetes among adults,Diabetes,12.2,10.7,13.7,65509,53278,0.24590163934426232
2022,OH,Ohio,Belmont,39013,Health-Related Social Needs,FOODINSECU,Food insecurity in the past 12 months among adults,Food Insecurity,15.6,13.9,17.3,65509,53278,0.21794871794871798
2022,OH,Ohio,Belmont,39013,Health-Related Social Needs,LACKTRPT,Lack of reliable transportation in the past 12 months among adults,Transportation Barriers,9.8,8.9,10.8,65509,53278,0.19387755102040818
2022,OH,Ohio,Belmont,39013,Health Risk Behaviors,LPA,No leisure-time physical activity among adults,Physical Inactivity,31.2,27.6,34.9,65509,53278,0.2339743589743589
2022,OH,Ohio,Belmont,39013,Prevention,MAMMOUSE,Mammography use among women aged 50-74 years,Mammography,72.9,66.4,78.9,65509,53278,0.17146776406035663
2022,OH,Ohio,Belmont,39013,Health Status,MHLTH,Frequent mental distress among adults,Frequent Mental Distress,21.9,20,23.9,65509,53278,0.17808219178082185
2022,OH,Ohio,Belmont,39013,Health Outcomes,OBESITY,Obesity among adults,Obesity,43,37.9,48.1,65509,53278,0.23720930232558146
2022,OH,Ohio,Brown,39015,Prevention,ACCESS2,Current lack of health insurance among adults aged 18-64 years,Health Insurance,8.3,7.3,9.3,43680,33820,0.24096385542168683
2021,OH,Ohio,Brown,39015,Health Outcomes,BPHIGH,High blood pressure among adults,High Blood Pressure,31.9,28.3,35.7,43680,33820,0.23197492163009412
2022,OH,Ohio,Brown,39015,Prevention,CHECKUP,Visits to doctor for routine checkup within the past year among adults,Annual Checkup,76.1,72.2,79.6,43680,33820,0.09724047306176073
2022,OH,Ohio,Brown,39015,Health Risk Behaviors,CSMOKING,Current cigarette smoking among adults,Current Cigarette Smoking,22.6,20.2,25.1,43680,33820,0.21681415929203549
2022,OH,Ohio,Brown,39015,Health Outcomes,DEPRESSION,Depression among adults,Depression,27.2,23.6,31,43680,33820,0.27205882352941174
2022,OH,Ohio,Brown,39015,Health Outcomes,DIABETES,Diagnosed diabetes among adults,Diabetes,11.5,10,13.1,43680,33820,0.2695652173913043
2022,OH,Ohio,Brown,39015,Health-Related Social Needs,FOODINSECU,Food insecurity in the past 12 months among adults,Food Insecurity,16.2,14.4,18,43680,33820,0.2222222222222222
2022,OH,Ohio,Brown,39015,Health-Related Social Needs,LACKTRPT,Lack of reliable transportation in the past 12 months among adults,Transportation Barriers,10.3,9.3,11.3,43680,33820,0.1941747572815534
2022,OH,Ohio,Brown,39015,Health Risk Behaviors,LPA,No leisure-time physical activity among adults,Physical Inactivity,30.2,26.2,34.3,43680,33820,0.26821192052980125
2022,OH,Ohio,Brown,39015,Prevention,MAMMOUSE,Mammography use among women aged 50-74 years,Mammography,74,66.6,80.4,43680,33820,0.18648648648648664
2022,OH,Ohio,Brown,39015,Health Status,MHLTH,Frequent mental distress among adults,Frequent Mental Distress,21.8,19.9,23.9,43680,33820,0.18348623853211007
2022,OH,Ohio,Brown,39015,Health Outcomes,OBESITY,Obesity among adults,Obesity,42.6,36.3,49.1,43680,33820,0.30046948356807524
2022,OH,Ohio,Butler,39017,Prevention,ACCESS2,Current lack of health insurance among adults aged 18-64 years,Health Insurance,10.3,9.2,11.5,388420,298743,0.22330097087378648
2021,OH,Ohio,Butler,39017,Health Outcomes,BPHIGH,High blood pressure among adults,High Blood Pressure,32.4,29,36,388420,298743,0.2160493827160494
2022,OH,Ohio,Butler,39017,Prevention,CHECKUP,Visits to doctor for routine checkup within the past year among adults,Annual Checkup,75.3,71.9,78.5,388420,298743,0.08764940239043817
2022,OH,Ohio,Butler,39017,Health Risk Behaviors,CSMOKING,Current cigarette smoking among adults,Current Cigarette Smoking,19.1,17.1,21.3,388420,298743,0.21989528795811514
2022,OH,Ohio,Butler,39017,Health Outcomes,DEPRESSION,Depression among adults,Depression,27.4,24.3,30.8,388420,298743,0.2372262773722628
2022,OH,Ohio,Butler,39017,Health Outcomes,DIABETES,Diagnosed diabetes among adults,Diabetes,11.6,10.2,13,388420,298743,0.24137931034482765
2022,OH,Ohio,Butler,39017,Health-Related Social Needs,FOODINSECU,Food insecurity in the past 12 months among adults,Food Insecurity,13.5,12,15,388420,298743,0.2222222222222222
2022,OH,Ohio,Butler,39017,Health-Related Social Needs,LACKTRPT,Lack of reliable transportation in the past 12 months among adults,Transportation Barriers,8.7,7.9,9.5,388420,298743,0.18390804597701146
2022,OH,Ohio,Butler,39017,Health Risk Behaviors,LPA,No leisure-time physical activity among adults,Physical Inactivity,24.9,21.8,28.3,388420,298743,0.26104417670682734
2022,OH,Ohio,Butler,39017,Prevention,MAMMOUSE,Mammography use among women aged 50-74 years,Mammography,78.5,72.3,84,388420,298743,0.14904458598726117
2022,OH,Ohio,Butler,39017,Health Status,MHLTH,Frequent mental distress among adults,Frequent Mental Distress,20.1,18.4,21.9,388420,298743,0.17412935323383083
2022,OH,Ohio,Butler,39017,Health Outcomes,OBESITY,Obesity among adults,Obesity,36.5,31.5,41.7,388420,298743,0.2794520547945206
2022,OH,Ohio,Carroll,39019,Prevention,ACCESS2,Current lack of health insurance among adults aged 18-64 years,Health Insurance,10.5,9.3,11.8,26659,21168,0.23809523809523808
2021,OH,Ohio,Carroll,39019,Health Outcomes,BPHIGH,High blood pressure among adults,High Blood Pressure,32,28.1,35.9,26659,21168,0.2437499999999999
2022,OH,Ohio,Carroll,39019,Prevention,CHECKUP,Visits to doctor for routine checkup within the past year among adults,Annual Checkup,74.3,70.1,78.2,26659,21168,0.10901749663526257
2022,OH,Ohio,Carroll,39019,Health Risk Behaviors,CSMOKING,Current cigarette smoking among adults,Current Cigarette Smoking,24.6,21.9,27.5,26659,21168,0.22764227642276427
2022,OH,Ohio,Carroll,39019,Health Outcomes,DEPRESSION,Depression among adults,Depression,29.1,25.2,33.3,26659,21168,0.2783505154639174
2022,OH,Ohio,Carroll,39019,Health Outcomes,DIABETES,Diagnosed diabetes among adults,Diabetes,12.3,10.7,14,26659,21168,0.2682926829268293
2022,OH,Ohio,Carroll,39019,Health-Related Social Needs,FOODINSECU,Food insecurity in the past 12 months among adults,Food Insecurity,13.2,11.6,14.8,26659,21168,0.24242424242424251
2022,OH,Ohio,Carroll,39019,Health-Related Social Needs,LACKTRPT,Lack of reliable transportation in the past 12 months among adults,Transportation Barriers,8.9,8.1,9.9,26659,21168,0.20224719101123603
2022,OH,Ohio,Carroll,39019,Health Risk Behaviors,LPA,No leisure-time physical activity among adults,Physical Inactivity,29.4,25.1,34,26659,21168,0.3027210884353741
2022,OH,Ohio,Carroll,39019,Prevention,MAMMOUSE,Mammography use among women aged 50-74 years,Mammography,75.3,67.6,82,26659,21168,0.19123505976095626
2022,OH,Ohio,Carroll,39019,Health Status,MHLTH,Frequent mental distress among adults,Frequent Mental Distress,22.5,20.5,24.6,26659,21168,0.18222222222222229
2022,OH,Ohio,Carroll,39019,Health Outcomes,OBESITY,Obesity among adults,Obesity,40.7,33.7,48.1,26659,21168,0.35380835380835374
2022,OH,Ohio,Champaign,39021,Prevention,ACCESS2,Current lack of health insurance among adults aged 18-64 years,Health Insurance,8.9,7.9,10.1,38709,30246,0.24719101123595497
2021,OH,Ohio,Champaign,39021,Health Outcomes,BPHIGH,High blood pressure among adults,High Blood Pressure,32.2,28.3,36.4,38709,30246,0.2515527950310558
2022,OH,Ohio,Champaign,39021,Prevention,CHECKUP,Visits to doctor for routine checkup within the past year among adults,Annual Checkup,75.8,71.8,79.7,38709,30246,0.1042216358839051
2022,OH,Ohio,Champaign,39021,Health Risk Behaviors,CSMOKING,Current cigarette smoking among adults,Current Cigarette Smoking,19,16.7,21.4,38709,30246,0.24736842105263154
2022,OH,Ohio,Champaign,39021,Health Outcomes,DEPRESSION,Depression among adults,Depression,27.6,23.8,31.8,38709,30246,0.2898550724637681
2022,OH,Ohio,Champaign,39021,Health Outcomes,DIABETES,Diagnosed diabetes among adults,Diabetes,11.1,9.6,12.7,38709,30246,0.27927927927927926
2022,OH,Ohio,Champaign,39021,Health-Related Social Needs,FOODINSECU,Food insecurity in the past 12 months among adults,Food Insecurity,12.8,11.4,14.4,38709,30246,0.234375
2022,OH,Ohio,Champaign,39021,Health-Related Social Needs,LACKTRPT,Lack of reliable transportation in the past 12 months among adults,Transportation Barriers,8.2,7.4,9,38709,30246,0.19512195121951217
2022,OH,Ohio,Champaign,39021,Health Risk Behaviors,LPA,No leisure-time physical activity among adults,Physical Inactivity,25.2,21.2,29.4,38709,30246,0.32539682539682535
2022,OH,Ohio,Champaign,39021,Prevention,MAMMOUSE,Mammography use among women aged 50-74 years,Mammography,76.4,69,82.9,38709,30246,0.18193717277486918
2022,OH,Ohio,Champaign,39021,Health Status,MHLTH,Frequent mental distress among adults,Frequent Mental Distress,20.7,18.8,22.7,38709,30246,0.18840579710144922
2022,OH,Ohio,Champaign,39021,Health Outcomes,OBESITY,Obesity among adults,Obesity,39.7,32.2,47.5,38709,30246,0.3853904282115868
2022,OH,Ohio,Clark,39023,Prevention,ACCESS2,Current lack of health insurance among adults aged 18-64 years,Health Insurance,8,7.1,9,134831,104795,0.23750000000000004
2021,OH,Ohio,Clark,39023,Health Outcomes,BPHIGH,High blood pressure among adults,High Blood Pressure,34.7,30.7,38.7,134831,104795,0.23054755043227673
2022,OH,Ohio,Clark,39023,Prevention,CHECKUP,Visits to doctor for routine checkup within the past year among adults,Annual Checkup,76.4,72.7,79.8,134831,104795,0.09293193717277479
2022,OH,Ohio,Clark,39023,Health Risk Behaviors,CSMOKING,Current cigarette smoking among adults,Current Cigarette Smoking,21.8,19.5,24.2,134831,104795,0.21559633027522931
2022,OH,Ohio,Clark,39023,Health Outcomes,DEPRESSION,Depression among adults,Depression,28.5,24.9,32.3,134831,104795,0.2596491228070175
2022,OH,Ohio,Clark,39023,Health Outcomes,DIABETES,Diagnosed diabetes among adults,Diabetes,12.3,10.7,13.9,134831,104795,0.26016260162601634
2022,OH,Ohio,Clark,39023,Health-Related Social Needs,FOODINSECU,Food insecurity in the past 12 months among adults,Food Insecurity,15.3,13.6,17.1,134831,104795,0.22875816993464063
2022,OH,Ohio,Clark,39023,Health-Related Social Needs,LACKTRPT,Lack of reliable transportation in the past 12 months among adults,Transportation Barriers,9.8,8.9,10.9,134831,104795,0.2040816326530612
2022,OH,Ohio,Clark,39023,Health Risk Behaviors,LPA,No leisure-time physical activity among adults,Physical Inactivity,29,25.3,33,134831,104795,0.2655172413793103
2022,OH,Ohio,Clark,39023,Prevention,MAMMOUSE,Mammography use among women aged 50-74 years,Mammography,72.6,65.2,79.3,134831,104795,0.1942148760330578
2022,OH,Ohio,Clark,39023,Health Status,MHLTH,Frequent mental distress among adults,Frequent Mental Distress,21.3,19.4,23.3,134831,104795,0.18309859154929586
2022,OH,Ohio,Clark,39023,Health Outcomes,OBESITY,Obesity among adults,Obesity,41.8,35.8,48,134831,104795,0.29186602870813405
2022,OH,Ohio,Clermont,39025,Prevention,ACCESS2,Current lack of health insurance among adults aged 18-64 years,Health Insurance,8.6,7.6,9.7,210805,164528,0.24418604651162787
2021,OH,Ohio,Clermont,39025,Health Outcomes,BPHIGH,High blood pressure among adults,High Blood Pressure,31.8,28.1,35.4,210805,164528,0.22955974842767285
2022,OH,Ohio,Clermont,39025,Prevention,CHECKUP,Visits to doctor for routine checkup within the past year among adults,Annual Checkup,76.2,72.5,79.8,210805,164528,0.09580052493438317
2022,OH,Ohio,Clermont,39025,Health Risk Behaviors,CSMOKING,Current cigarette smoking among adults,Current Cigarette Smoking,19.2,16.9,21.5,210805,164528,0.23958333333333343
2022,OH,Ohio,Clermont,39025,Health Outcomes,DEPRESSION,Depression among adults,Depression,25.5,22.1,29.2,210805,164528,0.2784313725490195
2022,OH,Ohio,Clermont,39025,Health Outcomes,DIABETES,Diagnosed diabetes among adults,Diabetes,10.7,9.3,12.2,210805,164528,0.27102803738317743
2022,OH,Ohio,Clermont,39025,Health-Related Social Needs,FOODINSECU,Food insecurity in the past 12 months among adults,Food Insecurity,11.2,9.9,12.5,210805,164528,0.23214285714285712
2022,OH,Ohio,Clermont,39025,Health-Related Social Needs,LACKTRPT,Lack of reliable transportation in the past 12 months among adults,Transportation Barriers,7.9,7.1,8.6,210805,164528,0.18987341772151897
2022,OH,Ohio,Clermont,39025,Health Risk Behaviors,LPA,No leisure-time physical activity among adults,Physical Inactivity,25.6,22.1,29.5,210805,164528,0.28906249999999994
2022,OH,Ohio,Clermont,39025,Prevention,MAMMOUSE,Mammography use among women aged 50-74 years,Mammography,73.9,66.3,80.6,210805,164528,0.19350473612990524
2022,OH,Ohio,Clermont,39025,Health Status,MHLTH,Frequent mental distress among adults,Frequent Mental Distress,19.4,17.6,21.3,210805,164528,0.19072164948453607
2022,OH,Ohio,Clermont,39025,Health Outcomes,OBESITY,Obesity among adults,Obesity,40.1,34.4,46.4,210805,164528,0.29925187032418954
2022,OH,Ohio,Clinton,39027,Prevention,ACCESS2,Current lack of health insurance among adults aged 18-64 years,Health Insurance,7.7,6.8,8.6,41964,32647,0.23376623376623373
2021,OH,Ohio,Clinton,39027,Health Outcomes,BPHIGH,High blood pressure among adults,High Blood Pressure,32.9,29.1,36.8,41964,32647,0.23404255319148926
2022,OH,Ohio,Clinton,39027,Prevention,CHECKUP,Visits to doctor for routine checkup within the past year among adults,Annual Checkup,76.9,73,80.5,41964,32647,0.09752925877763328
2022,OH,Ohio,Clinton,39027,Health Risk Behaviors,CSMOKING,Current cigarette smoking among adults,Current Cigarette Smoking,22.6,20.1,25.3,41964,32647,0.23008849557522118
2022,OH,Ohio,Clinton,39027,Health Outcomes,DEPRESSION,Depression among adults,Depression,27.9,24,31.9,41964,32647,0.28315412186379924
2022,OH,Ohio,Clinton,39027,Health Outcomes,DIABETES,Diagnosed diabetes among adults,Diabetes,12,10.4,13.6,41964,32647,0.2666666666666666
2022,OH,Ohio,Clinton,39027,Health-Related Social Needs,FOODINSECU,Food insecurity in the past 12 months among adults,Food Insecurity,14,12.4,15.8,41964,32647,0.24285714285714288
2022,OH,Ohio,Clinton,39027,Health-Related Social Needs,LACKTRPT,Lack of reliable transportation in the past 12 months among adults,Transportation Barriers,9.2,8.3,10.2,41964,32647,0.20652173913043465
2022,OH,Ohio,Clinton,39027,Health Risk Behaviors,LPA,No leisure-time physical activity among adults,Physical Inactivity,29.3,24.9,33.9,41964,32647,0.30716723549488056
2022,OH,Ohio,Clinton,39027,Prevention,MAMMOUSE,Mammography use among women aged 50-74 years,Mammography,73.9,65.7,80.8,41964,32647,0.2043301759133964
2022,OH,Ohio,Clinton,39027,Health Status,MHLTH,Frequent mental distress among adults,Frequent Mental Distress,22.5,20.4,24.6,41964,32647,0.1866666666666668
2022,OH,Ohio,Clinton,39027,Health Outcomes,OBESITY,Obesity among adults,Obesity,41.6,34.2,49.3,41964,32647,0.3629807692307691
2022,OH,Ohio,Columbiana,39029,Prevention,ACCESS2,Current lack of health insurance among adults aged 18-64 years,Health Insurance,10.3,9.2,11.5,100511,80353,0.22330097087378648
2021,OH,Ohio,Columbiana,39029,Health Outcomes,BPHIGH,High blood pressure among adults,High Blood Pressure,33.3,29.7,37.2,100511,80353,0.22522522522522534
2022,OH,Ohio,Columbiana,39029,Prevention,CHECKUP,Visits to doctor for routine checkup within the past year among adults,Annual Checkup,76.8,73.1,80.2,100511,80353,0.09244791666666678
2022,OH,Ohio,Columbiana,39029,Health Risk Behaviors,CSMOKING,Current cigarette smoking among adults,Current Cigarette Smoking,23.3,20.7,25.8,100511,80353,0.21888412017167388
2022,OH,Ohio,Columbiana,39029,Health Outcomes,DEPRESSION,Depression among adults,Depression,27.1,23.5,30.8,100511,80353,0.2693726937269373
2022,OH,Ohio,Columbiana,39029,Health Outcomes,DIABETES,Diagnosed diabetes among adults,Diabetes,12.2,10.6,13.8,100511,80353,0.26229508196721324
2022,OH,Ohio,Columbiana,39029,Health-Related Social Needs,FOODINSECU,Food insecurity in the past 12 months among adults,Food Insecurity,12.8,11.4,14.4,100511,80353,0.234375
2022,OH,Ohio,Columbiana,39029,Health-Related Social Needs,LACKTRPT,Lack of reliable transportation in the past 12 months among adults,Transportation Barriers,8.5,7.7,9.4,100511,80353,0.2
2022,OH,Ohio,Columbiana,39029,Health Risk Behaviors,LPA,No leisure-time physical activity among adults,Physical Inactivity,28.5,24.5,32.6,100511,80353,0.2842105263157895
2022,OH,Ohio,Columbiana,39029,Prevention,MAMMOUSE,Mammography use among women aged 50-74 years,Mammography,72.2,64.6,78.9,100511,80353,0.198060941828255
2022,OH,Ohio,Columbiana,39029,Health Status,MHLTH,Frequent mental distress among adults,Frequent Mental Distress,22.2,20.2,24.2,100511,80353,0.1801801801801802
2022,OH,Ohio,Columbiana,39029,Health Outcomes,OBESITY,Obesity among adults,Obesity,47,40.6,53.2,100511,80353,0.2680851063829788
2022,OH,Ohio,Coshocton,39031,Prevention,ACCESS2,Current lack of health insurance among adults aged 18-64 years,Health Insurance,9.8,8.7,11,36571,27883,0.23469387755102047
2021,OH,Ohio,Coshocton,39031,Health Outcomes,BPHIGH,High blood pressure among adults,High Blood Pressure,33.4,29.7,37.4,36571,27883,0.2305389221556886
2022,OH,Ohio,Coshocton,39031,Prevention,CHECKUP,Visits to doctor for routine checkup within the past year among adults,Annual Checkup,74.5,70.4,78.1,36571,27883,0.10335570469798643
2022,OH,Ohio,Coshocton,39031,Health Risk Behaviors,CSMOKING,Current cigarette smoking among adults,Current Cigarette Smoking,21.5,19,23.9,36571,27883,0.22790697674418597
2022,OH,Ohio,Coshocton,39031,Health Outcomes,DEPRESSION,Depression among adults,Depression,28.3,24.5,32.2,36571,27883,0.27208480565371035
2022,OH,Ohio,Coshocton,39031,Health Outcomes,DIABETES,Diagnosed diabetes among adults,Diabetes,12.4,10.8,14,36571,27883,0.2580645161290322
2022,OH,Ohio,Coshocton,39031,Health-Related Social Needs,FOODINSECU,Food insecurity in the past 12 months among adults,Food Insecurity,13.8,12.2,15.3,36571,27883,0.22463768115942037
2022,OH,Ohio,Coshocton,39031,Health-Related Social Needs,LACKTRPT,Lack of reliable transportation in the past 12 months among adults,Transportation Barriers,9.2,8.3,10.1,36571,27883,0.19565217391304338
2022,OH,Ohio,Coshocton,39031,Health Risk Behaviors,LPA,No leisure-time physical activity among adults,Physical Inactivity,27.4,23.5,31.3,36571,27883,0.28467153284671537
2022,OH,Ohio,Coshocton,39031,Prevention,MAMMOUSE,Mammography use among women aged 50-74 years,Mammography,70.4,61.9,77.5,36571,27883,0.2215909090909091
2022,OH,Ohio,Coshocton,39031,Health Status,MHLTH,Frequent mental distress among adults,Frequent Mental Distress,21.8,19.8,23.8,36571,27883,0.18348623853211007
2022,OH,Ohio,Coshocton,39031,Health Outcomes,OBESITY,Obesity among adults,Obesity,40.5,34,46.7,36571,27883,0.31358024691358033
2022,OH,Ohio,Crawford,39033,Prevention,ACCESS2,Current lack of health insurance among adults aged 18-64 years,Health Insurance,9,8.1,10.1,41522,32608,0.2222222222222222
2021,OH,Ohio,Crawford,39033,Health Outcomes,BPHIGH,High blood pressure among adults,High Blood Pressure,33.4,29.6,37.3,41522,32608,0.2305389221556885
2022,OH,Ohio,Crawford,39033,Prevention,CHECKUP,Visits to doctor for routine checkup within the past year among adults,Annual Checkup,75.4,71.4,79.1,41522,32608,0.1021220159151192
2022,OH,Ohio,Crawford,39033,Health Risk Behaviors,CSMOKING,Current cigarette smoking among adults,Current Cigarette Smoking,23.6,20.9,26.3,41522,32608,0.22881355932203398
2022,OH,Ohio,Crawford,39033,Health Outcomes,DEPRESSION,Depression among adults,Depression,28,24.2,32.1,41522,32608,0.2821428571428572
2022,OH,Ohio,Crawford,39033,Health Outcomes,DIABETES,Diagnosed diabetes among adults,Diabetes,12.4,10.7,14.1,41522,32608,0.2741935483870968
2022,OH,Ohio,Crawford,39033,Health-Related Social Needs,FOODINSECU,Food insecurity in the past 12 months among adults,Food Insecurity,14.1,12.5,15.8,41522,32608,0.23404255319148942
2022,OH,Ohio,Crawford,39033,Health-Related Social Needs,LACKTRPT,Lack of reliable transportation in the past 12 months among adults,Transportation Barriers,9.1,8.2,10.1,41522,32608,0.20879120879120883
2022,OH,Ohio,Crawford,39033,Health Risk Behaviors,LPA,No leisure-time physical activity among adults,Physical Inactivity,29.3,25.1,33.9,41522,32608,0.30034129692832756
2022,OH,Ohio,Crawford,39033,Prevention,MAMMOUSE,Mammography use among women aged 50-74 years,Mammography,65.8,56.8,73.7,41522,32608,0.25683890577507607
2022,OH,Ohio,Crawford,39033,Health Status,MHLTH,Frequent mental distress among adults,Frequent Mental Distress,22.4,20.4,24.6,41522,32608,0.18750000000000014
2022,OH,Ohio,Crawford,39033,Health Outcomes,OBESITY,Obesity among adults,Obesity,44,37.1,51.3,41522,32608,0.32272727272727264
2022,OH,Ohio,Cuyahoga,39035,Prevention,ACCESS2,Current lack of health insurance among adults aged 18-64 years,Health Insurance,7.3,6.5,8.1,1236041,985264,0.21917808219178078
2021,OH,Ohio,Cuyahoga,39035,Health Outcomes,BPHIGH,High blood pressure among adults,High Blood Pressure,32.5,29.8,35.2,1236041,985264,0.1661538461538462
2022,OH,Ohio,Cuyahoga,39035,Prevention,CHECKUP,Visits to doctor for routine checkup within the past year among adults,Annual Checkup,78,75.4,80.4,1236041,985264,0.0641025641025641
2022,OH,Ohio,Cuyahoga,39035,Health Risk Behaviors,CSMOKING,Current cigarette smoking among adults,Current Cigarette Smoking,17.7,16.1,19.5,1236041,985264,0.1920903954802259
2022,OH,Ohio,Cuyahoga,39035,Health Outcomes,DEPRESSION,Depression among adults,Depression,24.2,21.9,26.7,1236041,985264,0.19834710743801656
2022,OH,Ohio,Cuyahoga,39035,Health Outcomes,DIABETES,Diagnosed diabetes among adults,Diabetes,11.1,10,12.4,1236041,985264,0.21621621621621626
2022,OH,Ohio,Cuyahoga,39035,Health-Related Social Needs,FOODINSECU,Food insecurity in the past 12 months among adults,Food Insecurity,19.6,17.9,21.4,1236041,985264,0.17857142857142855
2022,OH,Ohio,Cuyahoga,39035,Health-Related Social Needs,LACKTRPT,Lack of reliable transportation in the past 12 months among adults,Transportation Barriers,11.8,10.9,12.9,1236041,985264,0.1694915254237288
2022,OH,Ohio,Cuyahoga,39035,Health Risk Behaviors,LPA,No leisure-time physical activity among adults,Physical Inactivity,22.7,20.4,25.2,1236041,985264,0.2114537444933921
2022,OH,Ohio,Cuyahoga,39035,Prevention,MAMMOUSE,Mammography use among women aged 50-74 years,Mammography,78.2,73,82.7,1236041,985264,0.12404092071611256
2022,OH,Ohio,Cuyahoga,39035,Health Status,MHLTH,Frequent mental distress among adults,Frequent Mental Distress,18.9,17.4,20.5,1236041,985264,0.1640211640211641
2022,OH,Ohio,Cuyahoga,39035,Health Outcomes,OBESITY,Obesity among adults,Obesity,37.8,34.3,41.4,1236041,985264,0.18783068783068788
2022,OH,Ohio,Darke,39037,Prevention,ACCESS2,Current lack of health insurance among adults aged 18-64 years,Health Insurance,8.2,7.3,9.2,51529,39444,0.2317073170731707
2021,OH,Ohio,Darke,39037,Health Outcomes,BPHIGH,High blood pressure among adults,High Blood Pressure,33.9,29.9,38.1,51529,39444,0.24188790560471987
2022,OH,Ohio,Darke,39037,Prevention,CHECKUP,Visits to doctor for routine checkup within the past year among adults,Annual Checkup,76,72.3,79.5,51529,39444,0.09473684210526319
2022,OH,Ohio,Darke,39037,Health Risk Behaviors,CSMOKING,Current cigarette smoking among adults,Current Cigarette Smoking,21.5,19.2,23.9,51529,39444,0.21860465116279065
2022,OH,Ohio,Darke,39037,Health Outcomes,DEPRESSION,Depression among adults,Depression,26.7,23.2,30.5,51529,39444,0.2734082397003746
2022,OH,Ohio,Darke,39037,Health Outcomes,DIABETES,Diagnosed diabetes among adults,Diabetes,11.7,10.3,13.4,51529,39444,0.26495726495726496
2022,OH,Ohio,Darke,39037,Health-Related Social Needs,FOODINSECU,Food insecurity in the past 12 months among adults,Food Insecurity,16.6,14.8,18.5,51529,39444,0.22289156626506018
2022,OH,Ohio,Darke,39037,Health-Related Social Needs,LACKTRPT,Lack of reliable transportation in the past 12 months among adults,Transportation Barriers,10.5,9.5,11.5,51529,39444,0.19047619047619047
2022,OH,Ohio,Darke,39037,Health Risk Behaviors,LPA,No leisure-time physical activity among adults,Physical Inactivity,26.7,22.9,30.8,51529,39444,0.2958801498127342
2022,OH,Ohio,Darke,39037,Prevention,MAMMOUSE,Mammography use among women aged 50-74 years,Mammography,76.2,69,82.5,51529,39444,0.17716535433070865
2022,OH,Ohio,Darke,39037,Health Status,MHLTH,Frequent mental distress among adults,Frequent Mental Distress,21.2,19.3,23.2,51529,39444,0.18396226415094333
2022,OH,Ohio,Darke,39037,Health Outcomes,OBESITY,Obesity among adults,Obesity,40.1,33.5,46.9,51529,39444,0.33416458852867825
2022,OH,Ohio,Defiance,39039,Prevention,ACCESS2,Current lack of health insurance among adults aged 18-64 years,Health Insurance,9.5,8.4,10.6,38187,29606,0.23157894736842097
2021,OH,Ohio,Defiance,39039,Health Outcomes,BPHIGH,High blood pressure among adults,High Blood Pressure,32.1,28.1,36.2,38187,29606,0.25233644859813087
2022,OH,Ohio,Defiance,39039,Prevention,CHECKUP,Visits to doctor for routine checkup within the past year among adults,Annual Checkup,75.6,71.5,79.3,38187,29606,0.10317460317460314
2022,OH,Ohio,Defiance,39039,Health Risk Behaviors,CSMOKING,Current cigarette smoking among adults,Current Cigarette Smoking,18.4,16.2,20.6,38187,29606,0.23913043478260884
2022,OH,Ohio,Defiance,39039,Health Outcomes,DEPRESSION,Depression among adults,Depression,26.7,22.9,30.5,38187,29606,0.2846441947565544
2022,OH,Ohio,Defiance,39039,Health Outcomes,DIABETES,Diagnosed diabetes among adults,Diabetes,11.2,9.8,12.8,38187,29606,0.26785714285714285
2022,OH,Ohio,Defiance,39039,Health-Related Social Needs,FOODINSECU,Food insecurity in the past 12 months among adults,Food Insecurity,12.6,11.2,14.2,38187,29606,0.2380952380952381
2022,OH,Ohio,Defiance,39039,Health-Related Social Needs,LACKTRPT,Lack of reliable transportation in the past 12 months among adults,Transportation Barriers,8.5,7.7,9.4,38187,29606,0.2
2022,OH,Ohio,Defiance,39039,Health Risk Behaviors,LPA,No leisure-time physical activity among adults,Physical Inactivity,25.4,21.5,29.5,38187,29606,0.31496062992125984
2022,OH,Ohio,Defiance,39039,Prevention,MAMMOUSE,Mammography use among women aged 50-74 years,Mammography,75.7,68.2,82.3,38187,29606,0.18626155878467626
2022,OH,Ohio,Defiance,39039,Health Status,MHLTH,Frequent mental distress among adults,Frequent Mental Distress,19.7,17.8,21.6,38187,29606,0.19289340101522848
2022,OH,Ohio,Defiance,39039,Health Outcomes,OBESITY,Obesity among adults,Obesity,42.2,34.7,49.8,38187,29606,0.35781990521327
2022,OH,Ohio,Delaware,39041,Prevention,ACCESS2,Current lack of health insurance among adults aged 18-64 years,Health Insurance,4.5,4,5,226296,170900,0.2222222222222222
2021,OH,Ohio,Delaware,39041,Health Outcomes,BPHIGH,High blood pressure among adults,High Blood Pressure,28.8,25.8,31.7,226296,170900,0.20486111111111105
2022,OH,Ohio,Delaware,39041,Prevention,CHECKUP,Visits to doctor for routine checkup within the past year among adults,Annual Checkup,76.5,73.5,79.3,226296,170900,0.07581699346405225
2022,OH,Ohio,Delaware,39041,Health Risk Behaviors,CSMOKING,Current cigarette smoking among adults,Current Cigarette Smoking,12.3,10.9,13.8,226296,170900,0.23577235772357724
2022,OH,Ohio,Delaware,39041,Health Outcomes,DEPRESSION,Depression among adults,Depression,21.3,18.9,23.9,226296,170900,0.2347417840375587
2022,OH,Ohio,Delaware,39041,Health Outcomes,DIABETES,Diagnosed diabetes among adults,Diabetes,8.9,7.9,10.1,226296,170900,0.24719101123595497
2022,OH,Ohio,Delaware,39041,Health-Related Social Needs,FOODINSECU,Food insecurity in the past 12 months among adults,Food Insecurity,5.9,5.2,6.6,226296,170900,0.23728813559322023
2022,OH,Ohio,Delaware,39041,Health-Related Social Needs,LACKTRPT,Lack of reliable transportation in the past 12 months among adults,Transportation Barriers,4.6,4.2,5.1,226296,170900,0.19565217391304338
2022,OH,Ohio,Delaware,39041,Health Risk Behaviors,LPA,No leisure-time physical activity among adults,Physical Inactivity,17.7,15.4,20.1,226296,170900,0.26553672316384186
2022,OH,Ohio,Delaware,39041,Prevention,MAMMOUSE,Mammography use among women aged 50-74 years,Mammography,83.5,78.7,87.5,226296,170900,0.1053892215568862
2022,OH,Ohio,Delaware,39041,Health Status,MHLTH,Frequent mental distress among adults,Frequent Mental Distress,16.7,15.2,18.2,226296,170900,0.17964071856287425
2022,OH,Ohio,Delaware,39041,Health Outcomes,OBESITY,Obesity among adults,Obesity,32.2,28.5,36.2,226296,170900,0.23913043478260876
2022,OH,Ohio,Erie,39043,Prevention,ACCESS2,Current lack of health insurance among adults aged 18-64 years,Health Insurance,7.6,6.8,8.6,74501,59951,0.23684210526315788
2021,OH,Ohio,Erie,39043,Health Outcomes,BPHIGH,High blood pressure among adults,High Blood Pressure,31.4,28.1,35.1,74501,59951,0.2229299363057325
2022,OH,Ohio,Erie,39043,Prevention,CHECKUP,Visits to doctor for routine checkup within the past year among adults,Annual Checkup,78.3,74.9,81.5,74501,59951,0.08429118773946354
2022,OH,Ohio,Erie,39043,Health Risk Behaviors,CSMOKING,Current cigarette smoking among adults,Current Cigarette Smoking,15.6,13.8,17.4,74501,59951,0.23076923076923064
2022,OH,Ohio,Erie,39043,Health Outcomes,DEPRESSION,Depression among adults,Depression,25.9,22.7,29.5,74501,59951,0.2625482625482626
2022,OH,Ohio,Erie,39043,Health Outcomes,DIABETES,Diagnosed diabetes among adults,Diabetes,10.5,9.3,11.9,74501,59951,0.24761904761904757
2022,OH,Ohio,Erie,39043,Health-Related Social Needs,FOODINSECU,Food insecurity in the past 12 months among adults,Food Insecurity,11.4,10.1,12.8,74501,59951,0.236842105263158
2022,OH,Ohio,Erie,39043,Health-Related Social Needs,LACKTRPT,Lack of reliable transportation in the past 12 months among adults,Transportation Barriers,7.9,7.2,8.8,74501,59951,0.2025316455696203
2022,OH,Ohio,Erie,39043,Health Risk Behaviors,LPA,No leisure-time physical activity among adults,Physical Inactivity,24.2,21,27.6,74501,59951,0.2727272727272728
2022,OH,Ohio,Erie,39043,Prevention,MAMMOUSE,Mammography use among women aged 50-74 years,Mammography,79.7,73.7,85,74501,59951,0.1417816813048933
2022,OH,Ohio,Erie,39043,Health Status,MHLTH,Frequent mental distress among adults,Frequent Mental Distress,17.7,16.1,19.4,74501,59951,0.18644067796610153
2022,OH,Ohio,Erie,39043,Health Outcomes,OBESITY,Obesity among adults,Obesity,36.7,31.4,42.3,74501,59951,0.29700272479564027
2022,OH,Ohio,Fairfield,39045,Prevention,ACCESS2,Current lack of health insurance among adults aged 18-64 years,Health Insurance,6.3,5.6,7.1,162898,124397,0.2380952380952381
2021,OH,Ohio,Fairfield,39045,Health Outcomes,BPHIGH,High blood pressure among adults,High Blood Pressure,32.5,28.7,36.4,162898,124397,0.2369230769230769
2022,OH,Ohio,Fairfield,39045,Prevention,CHECKUP,Visits to doctor for routine checkup within the past year among adults,Annual Checkup,76.3,72.6,79.7,162898,124397,0.09305373525557023
2022,OH,Ohio,Fairfield,39045,Health Risk Behaviors,CSMOKING,Current cigarette smoking among adults,Current Cigarette Smoking,21.1,18.9,23.5,162898,124397,0.21800947867298584
2022,OH,Ohio,Fairfield,39045,Health Outcomes,DEPRESSION,Depression among adults,Depression,26.9,23.4,30.5,162898,124397,0.2639405204460967
2022,OH,Ohio,Fairfield,39045,Health Outcomes,DIABETES,Diagnosed diabetes among adults,Diabetes,11.4,10,12.9,162898,124397,0.2543859649122807
2022,OH,Ohio,Fairfield,39045,Health-Related Social Needs,FOODINSECU,Food insecurity in the past 12 months among adults,Food Insecurity,11.3,10,12.6,162898,124397,0.23008849557522118
2022,OH,Ohio,Fairfield,39045,Health-Related Social Needs,LACKTRPT,Lack of reliable transportation in the past 12 months among adults,Transportation Barriers,7.8,7.1,8.6,162898,124397,0.19230769230769232
2022,OH,Ohio,Fairfield,39045,Health Risk Behaviors,LPA,No leisure-time physical activity among adults,Physical Inactivity,27.8,24,31.7,162898,124397,0.276978417266187
2022,OH,Ohio,Fairfield,39045,Prevention,MAMMOUSE,Mammography use among women aged 50-74 years,Mammography,70.7,63.1,77.6,162898,124397,0.20509193776520498
2022,OH,Ohio,Fairfield,39045,Health Status,MHLTH,Frequent mental distress among adults,Frequent Mental Distress,20.6,18.8,22.5,162898,124397,0.17961165048543684
2022,OH,Ohio,Fairfield,39045,Health Outcomes,OBESITY,Obesity among adults,Obesity,39,33,45.1,162898,124397,0.3102564102564103
2022,OH,Ohio,Fayette,39047,Prevention,ACCESS2,Current lack of health insurance among adults aged 18-64 years,Health Insurance,10.9,9.6,12.3,28839,22120,0.24770642201834872
2021,OH,Ohio,Fayette,39047,Health Outcomes,BPHIGH,High blood pressure among adults,High Blood Pressure,34.7,31,38.8,28839,22120,0.22478386167146963
2022,OH,Ohio,Fayette,39047,Prevention,CHECKUP,Visits to doctor for routine checkup within the past year among adults,Annual Checkup,76,71.7,79.7,28839,22120,0.10526315789473684
2022,OH,Ohio,Fayette,39047,Health Risk Behaviors,CSMOKING,Current cigarette smoking among adults,Current Cigarette Smoking,23.4,20.7,26.1,28839,22120,0.23076923076923087
2022,OH,Ohio,Fayette,39047,Health Outcomes,DEPRESSION,Depression among adults,Depression,29.3,25.1,33.3,28839,22120,0.2798634812286688
2022,OH,Ohio,Fayette,39047,Health Outcomes,DIABETES,Diagnosed diabetes among adults,Diabetes,13,11.3,14.8,28839,22120,0.2692307692307692
2022,OH,Ohio,Fayette,39047,Health-Related Social Needs,FOODINSECU,Food insecurity in the past 12 months among adults,Food Insecurity,16.9,15.1,18.8,28839,22120,0.21893491124260364
2022,OH,Ohio,Fayette,39047,Health-Related Social Needs,LACKTRPT,Lack of reliable transportation in the past 12 months among adults,Transportation Barriers,10.5,9.5,11.5,28839,22120,0.19047619047619047
2022,OH,Ohio,Fayette,39047,Health Risk Behaviors,LPA,No leisure-time physical activity among adults,Physical Inactivity,30.2,25.7,34.5,28839,22120,0.29139072847682124
2022,OH,Ohio,Fayette,39047,Prevention,MAMMOUSE,Mammography use among women aged 50-74 years,Mammography,70.2,61.2,77.8,28839,22120,0.23646723646723639
2022,OH,Ohio,Fayette,39047,Health Status,MHLTH,Frequent mental distress among adults,Frequent Mental Distress,22.7,20.6,24.8,28839,22120,0.18502202643171803
2022,OH,Ohio,Fayette,39047,Health Outcomes,OBESITY,Obesity among adults,Obesity,40.6,33.5,47.6,28839,22120,0.3472906403940887
2022,OH,Ohio,Franklin,39049,Prevention,ACCESS2,Current lack of health insurance among adults aged 18-64 years,Health Insurance,8.3,7.4,9.2,1321820,1018815,0.21686746987951794
2021,OH,Ohio,Franklin,39049,Health Outcomes,BPHIGH,High blood pressure among adults,High Blood Pressure,31.2,28.4,33.7,1321820,1018815,0.16987179487179502
2022,OH,Ohio,Franklin,39049,Prevention,CHECKUP,Visits to doctor for routine checkup within the past year among adults,Annual Checkup,76.8,74.2,79.1,1321820,1018815,0.06380208333333323
2022,OH,Ohio,Franklin,39049,Health Risk Behaviors,CSMOKING,Current cigarette smoking among adults,Current Cigarette Smoking,14.6,13.1,16.1,1321820,1018815,0.20547945205479465
2022,OH,Ohio,Franklin,39049,Health Outcomes,DEPRESSION,Depression among adults,Depression,24.1,21.8,26.4,1321820,1018815,0.19087136929460571
2022,OH,Ohio,Franklin,39049,Health Outcomes,DIABETES,Diagnosed diabetes among adults,Diabetes,11.8,10.6,13,1321820,1018815,0.2033898305084746
2022,OH,Ohio,Franklin,39049,Health-Related Social Needs,FOODINSECU,Food insecurity in the past 12 months among adults,Food Insecurity,12.7,11.5,14.1,1321820,1018815,0.2047244094488189
2022,OH,Ohio,Franklin,39049,Health-Related Social Needs,LACKTRPT,Lack of reliable transportation in the past 12 months among adults,Transportation Barriers,8.5,7.7,9.3,1321820,1018815,0.1882352941176471
2022,OH,Ohio,Franklin,39049,Health Risk Behaviors,LPA,No leisure-time physical activity among adults,Physical Inactivity,23.3,20.9,25.6,1321820,1018815,0.201716738197425
2022,OH,Ohio,Franklin,39049,Prevention,MAMMOUSE,Mammography use among women aged 50-74 years,Mammography,77.8,72.6,82.4,1321820,1018815,0.1259640102827765
2022,OH,Ohio,Franklin,39049,Health Status,MHLTH,Frequent mental distress among adults,Frequent Mental Distress,17.8,16.2,19.2,1321820,1018815,0.16853932584269662
2022,OH,Ohio,Franklin,39049,Health Outcomes,OBESITY,Obesity among adults,Obesity,36.1,32.8,39.4,1321820,1018815,0.18282548476454297
2022,OH,Ohio,Fulton,39051,Prevention,ACCESS2,Current lack of health insurance among adults aged 18-64 years,Health Insurance,8,7.1,9.1,42171,32496,0.25
2021,OH,Ohio,Fulton,39051,Health Outcomes,BPHIGH,High blood pressure among adults,High Blood Pressure,31,27.3,34.9,42171,32496,0.24516129032258058
2022,OH,Ohio,Fulton,39051,Prevention,CHECKUP,Visits to doctor for routine checkup within the past year among adults,Annual Checkup,75.5,71.2,79.5,42171,32496,0.10993377483443705
2022,OH,Ohio,Fulton,39051,Health Risk Behaviors,CSMOKING,Current cigarette smoking among adults,Current Cigarette Smoking,21.2,18.7,23.9,42171,32496,0.2452830188679245
2022,OH,Ohio,Fulton,39051,Health Outcomes,DEPRESSION,Depression among adults,Depression,27.2,23.2,31.5,42171,32496,0.30514705882352944
2022,OH,Ohio,Fulton,39051,Health Outcomes,DIABETES,Diagnosed diabetes among adults,Diabetes,11.5,9.9,13.1,42171,32496,0.27826086956521734
2022,OH,Ohio,Fulton,39051,Health-Related Social Needs,FOODINSECU,Food insecurity in the past 12 months among adults,Food Insecurity,9.8,8.7,10.9,42171,32496,0.22448979591836743
2022,OH,Ohio,Fulton,39051,Health-Related Social Needs,LACKTRPT,Lack of reliable transportation in the past 12 months among adults,Transportation Barriers,6.9,6.3,7.6,42171,32496,0.18840579710144925
2022,OH,Ohio,Fulton,39051,Health Risk Behaviors,LPA,No leisure-time physical activity among adults,Physical Inactivity,29.1,24.6,33.8,42171,32496,0.3161512027491407
2022,OH,Ohio,Fulton,39051,Prevention,MAMMOUSE,Mammography use among women aged 50-74 years,Mammography,74.3,65.8,81.4,42171,32496,0.20995962314939448
2022,OH,Ohio,Fulton,39051,Health Status,MHLTH,Frequent mental distress among adults,Frequent Mental Distress,20.6,18.6,22.7,42171,32496,0.19902912621359212
2022,OH,Ohio,Fulton,39051,Health Outcomes,OBESITY,Obesity among adults,Obesity,42.4,34.8,50.3,42171,32496,0.36556603773584906
2022,OH,Ohio,Gallia,39053,Prevention,ACCESS2,Current lack of health insurance among adults aged 18-64 years,Health Insurance,8.2,7.2,9.2,29068,22281,0.24390243902439016
2021,OH,Ohio,Gallia,39053,Health Outcomes,BPHIGH,High blood pressure among adults,High Blood Pressure,33.9,30.3,37.9,29068,22281,0.22418879056047192
2022,OH,Ohio,Gallia,39053,Prevention,CHECKUP,Visits to doctor for routine checkup within the past year among adults,Annual Checkup,76.7,73.1,79.9,29068,22281,0.0886571056062583
2022,OH,Ohio,Gallia,39053,Health Risk Behaviors,CSMOKING,Current cigarette smoking among adults,Current Cigarette Smoking,21.9,19.6,24.2,29068,22281,0.21004566210045653
2022,OH,Ohio,Gallia,39053,Health Outcomes,DEPRESSION,Depression among adults,Depression,26.8,23.4,30.4,29068,22281,0.26119402985074625
2022,OH,Ohio,Gallia,39053,Health Outcomes,DIABETES,Diagnosed diabetes among adults,Diabetes,12.7,11.1,14.2,29068,22281,0.24409448818897636
2022,OH,Ohio,Gallia,39053,Health-Related Social Needs,FOODINSECU,Food insecurity in the past 12 months among adults,Food Insecurity,13.8,12.3,15.4,29068,22281,0.22463768115942026
2022,OH,Ohio,Gallia,39053,Health-Related Social Needs,LACKTRPT,Lack of reliable transportation in the past 12 months among adults,Transportation Barriers,9.2,8.3,10.1,29068,22281,0.19565217391304338
2022,OH,Ohio,Gallia,39053,Health Risk Behaviors,LPA,No leisure-time physical activity among adults,Physical Inactivity,30.9,27.1,35,29068,22281,0.25566343042071193
2022,OH,Ohio,Gallia,39053,Prevention,MAMMOUSE,Mammography use among women aged 50-74 years,Mammography,71.1,63.3,77.7,29068,22281,0.20253164556962036
2022,OH,Ohio,Gallia,39053,Health Status,MHLTH,Frequent mental distress among adults,Frequent Mental Distress,21.1,19.2,23,29068,22281,0.18009478672985785
2022,OH,Ohio,Gallia,39053,Health Outcomes,OBESITY,Obesity among adults,Obesity,40.1,34,46.3,29068,22281,0.3067331670822942
2022,OH,Ohio,Geauga,39055,Prevention,ACCESS2,Current lack of health insurance among adults aged 18-64 years,Health Insurance,6.4,5.6,7.2,95469,74460,0.25000000000000006
2021,OH,Ohio,Geauga,39055,Health Outcomes,BPHIGH,High blood pressure among adults,High Blood Pressure,29,25.2,32.7,95469,74460,0.25862068965517254
2022,OH,Ohio,Geauga,39055,Prevention,CHECKUP,Visits to doctor for routine checkup within the past year among adults,Annual Checkup,74.3,70.4,78,95469,74460,0.10228802153432025
2022,OH,Ohio,Geauga,39055,Health Risk Behaviors,CSMOKING,Current cigarette smoking among adults,Current Cigarette Smoking,17.8,15.8,20,95469,74460,0.23595505617977522
2022,OH,Ohio,Geauga,39055,Health Outcomes,DEPRESSION,Depression among adults,Depression,25.4,21.9,29.2,95469,74460,0.28740157480314965
2022,OH,Ohio,Geauga,39055,Health Outcomes,DIABETES,Diagnosed diabetes among adults,Diabetes,9.9,8.6,11.5,95469,74460,0.29292929292929293
2022,OH,Ohio,Geauga,39055,Health-Related Social Needs,FOODINSECU,Food insecurity in the past 12 months among adults,Food Insecurity,7.1,6.2,8,95469,74460,0.2535211267605634
2022,OH,Ohio,Geauga,39055,Health-Related Social Needs,LACKTRPT,Lack of reliable transportation in the past 12 months among adults,Transportation Barriers,5.6,5,6.2,95469,74460,0.21428571428571433
2022,OH,Ohio,Geauga,39055,Health Risk Behaviors,LPA,No leisure-time physical activity among adults,Physical Inactivity,20.7,17.4,24.3,95469,74460,0.3333333333333334
2022,OH,Ohio,Geauga,39055,Prevention,MAMMOUSE,Mammography use among women aged 50-74 years,Mammography,79.2,72.3,84.8,95469,74460,0.15782828282828282
2022,OH,Ohio,Geauga,39055,Health Status,MHLTH,Frequent mental distress among adults,Frequent Mental Distress,18.4,16.7,20.2,95469,74460,0.19021739130434784
2022,OH,Ohio,Geauga,39055,Health Outcomes,OBESITY,Obesity among adults,Obesity,36.3,30,42.9,95469,74460,0.35537190082644626
2022,OH,Ohio,Greene,39057,Prevention,ACCESS2,Current lack of health insurance among adults aged 18-64 years,Health Insurance,6.1,5.4,6.9,168456,133968,0.24590163934426232
2021,OH,Ohio,Greene,39057,Health Outcomes,BPHIGH,High blood pressure among adults,High Blood Pressure,30.2,26.8,33.9,168456,133968,0.2350993377483443
2022,OH,Ohio,Greene,39057,Prevention,CHECKUP,Visits to doctor for routine checkup within the past year among adults,Annual Checkup,78.7,75.4,82,168456,133968,0.08386277001270641
2022,OH,Ohio,Greene,39057,Health Risk Behaviors,CSMOKING,Current cigarette smoking among adults,Current Cigarette Smoking,15.2,13.4,17.2,168456,133968,0.24999999999999994
2022,OH,Ohio,Greene,39057,Health Outcomes,DEPRESSION,Depression among adults,Depression,26.6,23.3,30.3,168456,133968,0.2631578947368421
2022,OH,Ohio,Greene,39057,Health Outcomes,DIABETES,Diagnosed diabetes among adults,Diabetes,10.7,9.4,12.2,168456,133968,0.2616822429906541
2022,OH,Ohio,Greene,39057,Health-Related Social Needs,FOODINSECU,Food insecurity in the past 12 months among adults,Food Insecurity,9.5,8.5,10.7,168456,133968,0.23157894736842097
2022,OH,Ohio,Greene,39057,Health-Related Social Needs,LACKTRPT,Lack of reliable transportation in the past 12 months among adults,Transportation Barriers,6.8,6.1,7.5,168456,133968,0.20588235294117652
2022,OH,Ohio,Greene,39057,Health Risk Behaviors,LPA,No leisure-time physical activity among adults,Physical Inactivity,22,19,25.5,168456,133968,0.29545454545454547
2022,OH,Ohio,Greene,39057,Prevention,MAMMOUSE,Mammography use among women aged 50-74 years,Mammography,76.7,70.2,82.8,168456,133968,0.16427640156453707
2022,OH,Ohio,Greene,39057,Health Status,MHLTH,Frequent mental distress among adults,Frequent Mental Distress,18.7,16.9,20.6,168456,133968,0.19786096256684507
2022,OH,Ohio,Greene,39057,Health Outcomes,OBESITY,Obesity among adults,Obesity,39.2,34,45.1,168456,133968,0.28316326530612246
2022,OH,Ohio,Guernsey,39059,Prevention,ACCESS2,Current lack of health insurance among adults aged 18-64 years,Health Insurance,11.2,9.9,12.5,38098,29746,0.23214285714285712
2021,OH,Ohio,Guernsey,39059,Health Outcomes,BPHIGH,High blood pressure among adults,High Blood Pressure,35.2,31.3,39,38098,29746,0.21874999999999997
2022,OH,Ohio,Guernsey,39059,Prevention,CHECKUP,Visits to doctor for routine checkup within the past year among adults,Annual Checkup,77.2,73.5,80.5,38098,29746,0.09067357512953368
2022,OH,Ohio,Guernsey,39059,Health Risk Behaviors,CSMOKING,Current cigarette smoking among adults,Current Cigarette Smoking,24.4,21.7,27,38098,29746,0.2172131147540984
2022,OH,Ohio,Guernsey,39059,Health Outcomes,DEPRESSION,Depression among adults,Depression,30.5,26.6,34.3,38098,29746,0.2524590163934425
2022,OH,Ohio,Guernsey,39059,Health Outcomes,DIABETES,Diagnosed diabetes among adults,Diabetes,12.3,10.7,13.9,38098,29746,0.26016260162601634
2022,OH,Ohio,Guernsey,39059,Health-Related Social Needs,FOODINSECU,Food insecurity in the past 12 months among adults,Food Insecurity,15.6,13.9,17.4,38098,29746,0.22435897435897426
2022,OH,Ohio,Guernsey,39059,Health-Related Social Needs,LACKTRPT,Lack of reliable transportation in the past 12 months among adults,Transportation Barriers,10.1,9.2,11.2,38098,29746,0.19801980198019803
2022,OH,Ohio,Guernsey,39059,Health Risk Behaviors,LPA,No leisure-time physical activity among adults,Physical Inactivity,30.3,26.2,34.4,38098,29746,0.27062706270627057
2022,OH,Ohio,Guernsey,39059,Prevention,MAMMOUSE,Mammography use among women aged 50-74 years,Mammography,74.4,66.9,80.9,38098,29746,0.1881720430107527
2022,OH,Ohio,Guernsey,39059,Health Status,MHLTH,Frequent mental distress among adults,Frequent Mental Distress,22.8,20.7,24.8,38098,29746,0.17982456140350883
2022,OH,Ohio,Guernsey,39059,Health Outcomes,OBESITY,Obesity among adults,Obesity,41.5,35.2,47.6,38098,29746,0.2987951807228915
2022,OH,Ohio,Hamilton,39061,Prevention,ACCESS2,Current lack of health insurance among adults aged 18-64 years,Health Insurance,7.8,6.9,8.8,825037,638597,0.24358974358974364
2021,OH,Ohio,Hamilton,39061,Health Outcomes,BPHIGH,High blood pressure among adults,High Blood Pressure,34,31.2,36.8,825037,638597,0.16470588235294112
2022,OH,Ohio,Hamilton,39061,Prevention,CHECKUP,Visits to doctor for routine checkup within the past year among adults,Annual Checkup,77.7,74.8,80.4,825037,638597,0.07207207207207218
2022,OH,Ohio,Hamilton,39061,Health Risk Behaviors,CSMOKING,Current cigarette smoking among adults,Current Cigarette Smoking,18.4,16.5,20.4,825037,638597,0.21195652173913038
2022,OH,Ohio,Hamilton,39061,Health Outcomes,DEPRESSION,Depression among adults,Depression,26.6,23.8,29.5,825037,638597,0.21428571428571425
2022,OH,Ohio,Hamilton,39061,Health Outcomes,DIABETES,Diagnosed diabetes among adults,Diabetes,12.9,11.5,14.4,825037,638597,0.2248062015503876
2022,OH,Ohio,Hamilton,39061,Health-Related Social Needs,FOODINSECU,Food insecurity in the past 12 months among adults,Food Insecurity,15.3,13.7,17,825037,638597,0.21568627450980396
2022,OH,Ohio,Hamilton,39061,Health-Related Social Needs,LACKTRPT,Lack of reliable transportation in the past 12 months among adults,Transportation Barriers,9.9,9,10.9,825037,638597,0.19191919191919196
2022,OH,Ohio,Hamilton,39061,Health Risk Behaviors,LPA,No leisure-time physical activity among adults,Physical Inactivity,26.5,23.6,29.5,825037,638597,0.22264150943396221
2022,OH,Ohio,Hamilton,39061,Prevention,MAMMOUSE,Mammography use among women aged 50-74 years,Mammography,78.6,73,83.4,825037,638597,0.1323155216284988
2022,OH,Ohio,Hamilton,39061,Health Status,MHLTH,Frequent mental distress among adults,Frequent Mental Distress,20.1,18.4,21.9,825037,638597,0.17412935323383083
2022,OH,Ohio,Hamilton,39061,Health Outcomes,OBESITY,Obesity among adults,Obesity,38.6,34.5,42.8,825037,638597,0.21502590673575123
2022,OH,Ohio,Hancock,39063,Prevention,ACCESS2,Current lack of health insurance among adults aged 18-64 years,Health Insurance,7.2,6.4,8.1,74861,58728,0.236111111111111
2021,OH,Ohio,Hancock,39063,Health Outcomes,BPHIGH,High blood pressure among adults,High Blood Pressure,30.9,27.7,34.4,74861,58728,0.21682847896440127
2022,OH,Ohio,Hancock,39063,Prevention,CHECKUP,Visits to doctor for routine checkup within the past year among adults,Annual Checkup,76,72.5,79.5,74861,58728,0.09210526315789473
2022,OH,Ohio,Hancock,39063,Health Risk Behaviors,CSMOKING,Current cigarette smoking among adults,Current Cigarette Smoking,16.7,15,18.8,74861,58728,0.22754491017964076
2022,OH,Ohio,Hancock,39063,Health Outcomes,DEPRESSION,Depression among adults,Depression,26.5,23.3,30.3,74861,58728,0.2641509433962264
2022,OH,Ohio,Hancock,39063,Health Outcomes,DIABETES,Diagnosed diabetes among adults,Diabetes,10.9,9.6,12.5,74861,58728,0.26605504587155965
2022,OH,Ohio,Hancock,39063,Health-Related Social Needs,FOODINSECU,Food insecurity in the past 12 months among adults,Food Insecurity,11.1,9.9,12.5,74861,58728,0.2342342342342342
2022,OH,Ohio,Hancock,39063,Health-Related Social Needs,LACKTRPT,Lack of reliable transportation in the past 12 months among adults,Transportation Barriers,7.6,6.9,8.4,74861,58728,0.19736842105263158
2022,OH,Ohio,Hancock,39063,Health Risk Behaviors,LPA,No leisure-time physical activity among adults,Physical Inactivity,23.2,20.2,26.7,74861,58728,0.2801724137931035
2022,OH,Ohio,Hancock,39063,Prevention,MAMMOUSE,Mammography use among women aged 50-74 years,Mammography,76.6,70.1,82.7,74861,58728,0.16449086161879908
2022,OH,Ohio,Hancock,39063,Health Status,MHLTH,Frequent mental distress among adults,Frequent Mental Distress,18.5,16.8,20.4,74861,58728,0.19459459459459447
2022,OH,Ohio,Hancock,39063,Health Outcomes,OBESITY,Obesity among adults,Obesity,37,31.9,42.8,74861,58728,0.2945945945945946
2022,OH,Ohio,Hardin,39065,Prevention,ACCESS2,Current lack of health insurance among adults aged 18-64 years,Health Insurance,8.4,7.5,9.5,30416,23363,0.23809523809523808
2021,OH,Ohio,Hardin,39065,Health Outcomes,BPHIGH,High blood pressure among adults,High Blood Pressure,33.6,29.9,37.7,30416,23363,0.23214285714285726
2022,OH,Ohio,Hardin,39065,Prevention,CHECKUP,Visits to doctor for routine checkup within the past year among adults,Annual Checkup,74,70,77.8,30416,23363,0.10540540540540537
2022,OH,Ohio,Hardin,39065,Health Risk Behaviors,CSMOKING,Current cigarette smoking among adults,Current Cigarette Smoking,26.4,23.7,29.4,30416,23363,0.21590909090909088
2022,OH,Ohio,Hardin,39065,Health Outcomes,DEPRESSION,Depression among adults,Depression,29.6,25.8,33.8,30416,23363,0.2702702702702701
2022,OH,Ohio,Hardin,39065,Health Outcomes,DIABETES,Diagnosed diabetes among adults,Diabetes,12.9,11.3,14.6,30416,23363,0.255813953488372
2022,OH,Ohio,Hardin,39065,Health-Related Social Needs,FOODINSECU,Food insecurity in the past 12 months among adults,Food Insecurity,12.5,11.1,14.1,30416,23363,0.24
2022,OH,Ohio,Hardin,39065,Health-Related Social Needs,LACKTRPT,Lack of reliable transportation in the past 12 months among adults,Transportation Barriers,8.1,7.3,9,30416,23363,0.2098765432098766
2022,OH,Ohio,Hardin,39065,Health Risk Behaviors,LPA,No leisure-time physical activity among adults,Physical Inactivity,31.6,27.3,36.3,30416,23363,0.28481012658227833
2022,OH,Ohio,Hardin,39065,Prevention,MAMMOUSE,Mammography use among women aged 50-74 years,Mammography,72.1,63.9,79.3,30416,23363,0.21359223300970873
2022,OH,Ohio,Hardin,39065,Health Status,MHLTH,Frequent mental distress among adults,Frequent Mental Distress,23.5,21.5,25.7,30416,23363,0.17872340425531913
2022,OH,Ohio,Hardin,39065,Health Outcomes,OBESITY,Obesity among adults,Obesity,45.3,38.4,52.5,30416,23363,0.3112582781456954
2022,OH,Ohio,Harrison,39067,Prevention,ACCESS2,Current lack of health insurance among adults aged 18-64 years,Health Insurance,9.4,8.3,10.5,14378,11389,0.23404255319148928
2021,OH,Ohio,Harrison,39067,Health Outcomes,BPHIGH,High blood pressure among adults,High Blood Pressure,34.4,30.6,38.6,14378,11389,0.23255813953488372
2022,OH,Ohio,Harrison,39067,Prevention,CHECKUP,Visits to doctor for routine checkup within the past year among adults,Annual Checkup,75.5,71.4,79.3,14378,11389,0.10463576158940387
2022,OH,Ohio,Harrison,39067,Health Risk Behaviors,CSMOKING,Current cigarette smoking among adults,Current Cigarette Smoking,21.4,18.9,24,14378,11389,0.23831775700934588
2022,OH,Ohio,Harrison,39067,Health Outcomes,DEPRESSION,Depression among adults,Depression,27.7,23.8,31.8,14378,11389,0.2888086642599278
2022,OH,Ohio,Harrison,39067,Health Outcomes,DIABETES,Diagnosed diabetes among adults,Diabetes,11.6,10.1,13.2,14378,11389,0.2672413793103448
2022,OH,Ohio,Harrison,39067,Health-Related Social Needs,FOODINSECU,Food insecurity in the past 12 months among adults,Food Insecurity,15.1,13.4,17,14378,11389,0.23841059602649003
2022,OH,Ohio,Harrison,39067,Health-Related Social Needs,LACKTRPT,Lack of reliable transportation in the past 12 months among adults,Transportation Barriers,9.6,8.7,10.6,14378,11389,0.1979166666666667
2022,OH,Ohio,Harrison,39067,Health Risk Behaviors,LPA,No leisure-time physical activity among adults,Physical Inactivity,28,23.8,32.6,14378,11389,0.31428571428571433
2022,OH,Ohio,Harrison,39067,Prevention,MAMMOUSE,Mammography use among women aged 50-74 years,Mammography,73.6,65.9,80.8,14378,11389,0.20244565217391294
2022,OH,Ohio,Harrison,39067,Health Status,MHLTH,Frequent mental distress among adults,Frequent Mental Distress,22,19.9,24.2,14378,11389,0.1954545454545455
2022,OH,Ohio,Harrison,39067,Health Outcomes,OBESITY,Obesity among adults,Obesity,41.4,33.9,49.1,14378,11389,0.36714975845410636
2022,OH,Ohio,Henry,39069,Prevention,ACCESS2,Current lack of health insurance among adults aged 18-64 years,Health Insurance,7.2,6.5,8.1,27512,21208,0.22222222222222215
2021,OH,Ohio,Henry,39069,Health Outcomes,BPHIGH,High blood pressure among adults,High Blood Pressure,32.1,28.1,36.1,27512,21208,0.24922118380062305
2022,OH,Ohio,Henry,39069,Prevention,CHECKUP,Visits to doctor for routine checkup within the past year among adults,Annual Checkup,76.5,72.7,80.2,27512,21208,0.09803921568627451
2022,OH,Ohio,Henry,39069,Health Risk Behaviors,CSMOKING,Current cigarette smoking among adults,Current Cigarette Smoking,20.1,17.9,22.7,27512,21208,0.23880597014925375
2022,OH,Ohio,Henry,39069,Health Outcomes,DEPRESSION,Depression among adults,Depression,27.3,23.6,31.3,27512,21208,0.282051282051282
2022,OH,Ohio,Henry,39069,Health Outcomes,DIABETES,Diagnosed diabetes among adults,Diabetes,11.3,9.9,13,27512,21208,0.27433628318584063
2022,OH,Ohio,Henry,39069,Health-Related Social Needs,FOODINSECU,Food insecurity in the past 12 months among adults,Food Insecurity,12.6,11.2,14.1,27512,21208,0.2301587301587302
2022,OH,Ohio,Henry,39069,Health-Related Social Needs,LACKTRPT,Lack of reliable transportation in the past 12 months among adults,Transportation Barriers,8.5,7.7,9.4,27512,21208,0.2
2022,OH,Ohio,Henry,39069,Health Risk Behaviors,LPA,No leisure-time physical activity among adults,Physical Inactivity,27.9,23.8,32.3,27512,21208,0.3046594982078852
2022,OH,Ohio,Henry,39069,Prevention,MAMMOUSE,Mammography use among women aged 50-74 years,Mammography,77.8,70.8,84.2,27512,21208,0.17223650385604122
2022,OH,Ohio,Henry,39069,Health Status,MHLTH,Frequent mental distress among adults,Frequent Mental Distress,21,19.1,23.1,27512,21208,0.19047619047619047
2022,OH,Ohio,Henry,39069,Health Outcomes,OBESITY,Obesity among adults,Obesity,42.8,35.4,50.6,27512,21208,0.35514018691588795
2022,OH,Ohio,Highland,39071,Prevention,ACCESS2,Current lack of health insurance among adults aged 18-64 years,Health Insurance,12.1,10.9,13.3,43391,33171,0.19834710743801656
2021,OH,Ohio,Highland,39071,Health Outcomes,BPHIGH,High blood pressure among adults,High Blood Pressure,35.5,31.7,39.4,43391,33171,0.21690140845070421
2022,OH,Ohio,Highland,39071,Prevention,CHECKUP,Visits to doctor for routine checkup within the past year among adults,Annual Checkup,74.7,71.4,77.7,43391,33171,0.08433734939759031
2022,OH,Ohio,Highland,39071,Health Risk Behaviors,CSMOKING,Current cigarette smoking among adults,Current Cigarette Smoking,24.6,22.4,26.8,43391,33171,0.17886178861788626
2022,OH,Ohio,Highland,39071,Health Outcomes,DEPRESSION,Depression among adults,Depression,30.1,26.9,33.4,43391,33171,0.2159468438538206
2022,OH,Ohio,Highland,39071,Health Outcomes,DIABETES,Diagnosed diabetes among adults,Diabetes,12.4,11,13.8,43391,33171,0.22580645161290328
2022,OH,Ohio,Highland,39071,Health-Related Social Needs,FOODINSECU,Food insecurity in the past 12 months among adults,Food Insecurity,17.7,15.8,19.7,43391,33171,0.2203389830508474
2022,OH,Ohio,Highland,39071,Health-Related Social Needs,LACKTRPT,Lack of reliable transportation in the past 12 months among adults,Transportation Barriers,11,10,12.1,43391,33171,0.1909090909090909
2022,OH,Ohio,Highland,39071,Health Risk Behaviors,LPA,No leisure-time physical activity among adults,Physical Inactivity,31.7,28.3,35.3,43391,33171,0.22082018927444785
2022,OH,Ohio,Highland,39071,Prevention,MAMMOUSE,Mammography use among women aged 50-74 years,Mammography,75,68.9,80.4,43391,33171,0.15333333333333332
2022,OH,Ohio,Highland,39071,Health Status,MHLTH,Frequent mental distress among adults,Frequent Mental Distress,23,21.2,24.8,43391,33171,0.15652173913043485
2022,OH,Ohio,Highland,39071,Health Outcomes,OBESITY,Obesity among adults,Obesity,43.1,37.9,48.3,43391,33171,0.2412993039443155
2022,OH,Ohio,Hocking,39073,Prevention,ACCESS2,Current lack of health insurance among adults aged 18-64 years,Health Insurance,10.1,8.9,11.3,27858,21851,0.23762376237623767
2021,OH,Ohio,Hocking,39073,Health Outcomes,BPHIGH,High blood pressure among adults,High Blood Pressure,34,30.3,38,27858,21851,0.2264705882352941
2022,OH,Ohio,Hocking,39073,Prevention,CHECKUP,Visits to doctor for routine checkup within the past year among adults,Annual Checkup,75.6,71.8,79.3,27858,21851,0.09920634920634921
2022,OH,Ohio,Hocking,39073,Health Risk Behaviors,CSMOKING,Current cigarette smoking among adults,Current Cigarette Smoking,25,22.5,27.8,27858,21851,0.21200000000000002
2022,OH,Ohio,Hocking,39073,Health Outcomes,DEPRESSION,Depression among adults,Depression,28.3,24.7,32.2,27858,21851,0.2650176678445231
2022,OH,Ohio,Hocking,39073,Health Outcomes,DIABETES,Diagnosed diabetes among adults,Diabetes,12.8,11.2,14.5,27858,21851,0.25781250000000006
2022,OH,Ohio,Hocking,39073,Health-Related Social Needs,FOODINSECU,Food insecurity in the past 12 months among adults,Food Insecurity,14,12.5,15.6,27858,21851,0.2214285714285714
2022,OH,Ohio,Hocking,39073,Health-Related Social Needs,LACKTRPT,Lack of reliable transportation in the past 12 months among adults,Transportation Barriers,9.1,8.2,10,27858,21851,0.19780219780219788
2022,OH,Ohio,Hocking,39073,Health Risk Behaviors,LPA,No leisure-time physical activity among adults,Physical Inactivity,31,27,35.3,27858,21851,0.2677419354838709
2022,OH,Ohio,Hocking,39073,Prevention,MAMMOUSE,Mammography use among women aged 50-74 years,Mammography,70.6,62.5,77.7,27858,21851,0.21529745042492923
2022,OH,Ohio,Hocking,39073,Health Status,MHLTH,Frequent mental distress among adults,Frequent Mental Distress,23.1,21.1,25.2,27858,21851,0.1774891774891774
2022,OH,Ohio,Hocking,39073,Health Outcomes,OBESITY,Obesity among adults,Obesity,42.7,36.4,49.4,27858,21851,0.3044496487119438
2022,OH,Ohio,Holmes,39075,Prevention,ACCESS2,Current lack of health insurance among adults aged 18-64 years,Health Insurance,13,11.6,14.5,44390,31071,0.22307692307692312
2021,OH,Ohio,Holmes,39075,Health Outcomes,BPHIGH,High blood pressure among adults,High Blood Pressure,32.9,28.9,37.2,44390,31071,0.2522796352583588
2022,OH,Ohio,Holmes,39075,Prevention,CHECKUP,Visits to doctor for routine checkup within the past year among adults,Annual Checkup,72.6,68.3,76.7,44390,31071,0.11570247933884306
2022,OH,Ohio,Holmes,39075,Health Risk Behaviors,CSMOKING,Current cigarette smoking among adults,Current Cigarette Smoking,26.8,23.9,29.6,44390,31071,0.2126865671641792
2022,OH,Ohio,Holmes,39075,Health Outcomes,DEPRESSION,Depression among adults,Depression,29.4,25.4,33.6,44390,31071,0.27891156462585043
2022,OH,Ohio,Holmes,39075,Health Outcomes,DIABETES,Diagnosed diabetes among adults,Diabetes,12.3,10.7,14,44390,31071,0.2682926829268293
2022,OH,Ohio,Holmes,39075,Health-Related Social Needs,FOODINSECU,Food insecurity in the past 12 months among adults,Food Insecurity,15.6,13.9,17.4,44390,31071,0.22435897435897426
2022,OH,Ohio,Holmes,39075,Health-Related Social Needs,LACKTRPT,Lack of reliable transportation in the past 12 months among adults,Transportation Barriers,9.9,9,10.9,44390,31071,0.19191919191919196
2022,OH,Ohio,Holmes,39075,Health Risk Behaviors,LPA,No leisure-time physical activity among adults,Physical Inactivity,32.7,28.1,37.6,44390,31071,0.290519877675841
2022,OH,Ohio,Holmes,39075,Prevention,MAMMOUSE,Mammography use among women aged 50-74 years,Mammography,69.2,60.5,77.4,44390,31071,0.2442196531791908
2022,OH,Ohio,Holmes,39075,Health Status,MHLTH,Frequent mental distress among adults,Frequent Mental Distress,23.7,21.6,25.8,44390,31071,0.1772151898734177
2022,OH,Ohio,Holmes,39075,Health Outcomes,OBESITY,Obesity among adults,Obesity,42.7,34.8,50.6,44390,31071,0.37002341920374715
2022,OH,Ohio,Huron,39077,Prevention,ACCESS2,Current lack of health insurance among adults aged 18-64 years,Health Insurance,10,8.9,11.2,58218,44548,0.2299999999999999
2021,OH,Ohio,Huron,39077,Health Outcomes,BPHIGH,High blood pressure among adults,High Blood Pressure,33,29.5,36.8,58218,44548,0.22121212121212114
2022,OH,Ohio,Huron,39077,Prevention,CHECKUP,Visits to doctor for routine checkup within the past year among adults,Annual Checkup,77.1,73.1,80.4,58218,44548,0.09468223086900145
2022,OH,Ohio,Huron,39077,Health Risk Behaviors,CSMOKING,Current cigarette smoking among adults,Current Cigarette Smoking,18.5,16.3,20.6,58218,44548,0.23243243243243247
2022,OH,Ohio,Huron,39077,Health Outcomes,DEPRESSION,Depression among adults,Depression,25.5,21.9,29,58218,44548,0.2784313725490197
2022,OH,Ohio,Huron,39077,Health Outcomes,DIABETES,Diagnosed diabetes among adults,Diabetes,11.7,10.1,13.2,58218,44548,0.26495726495726496
2022,OH,Ohio,Huron,39077,Health-Related Social Needs,FOODINSECU,Food insecurity in the past 12 months among adults,Food Insecurity,13.5,11.9,15.1,58218,44548,0.237037037037037
2022,OH,Ohio,Huron,39077,Health-Related Social Needs,LACKTRPT,Lack of reliable transportation in the past 12 months among adults,Transportation Barriers,9.1,8.1,10,58218,44548,0.20879120879120883
2022,OH,Ohio,Huron,39077,Health Risk Behaviors,LPA,No leisure-time physical activity among adults,Physical Inactivity,23.4,19.9,26.9,58218,44548,0.29914529914529914
2022,OH,Ohio,Huron,39077,Prevention,MAMMOUSE,Mammography use among women aged 50-74 years,Mammography,73.5,65.8,79.9,58218,44548,0.19183673469387766
2022,OH,Ohio,Huron,39077,Health Status,MHLTH,Frequent mental distress among adults,Frequent Mental Distress,19.1,17.3,20.9,58218,44548,0.18848167539267002
2022,OH,Ohio,Huron,39077,Health Outcomes,OBESITY,Obesity among adults,Obesity,41.9,35.2,48.3,58218,44548,0.3126491646778042
2022,OH,Ohio,Jackson,39079,Prevention,ACCESS2,Current lack of health insurance among adults aged 18-64 years,Health Insurance,7.9,6.9,8.9,32586,24880,0.2531645569620253
2021,OH,Ohio,Jackson,39079,Health Outcomes,BPHIGH,High blood pressure among adults,High Blood Pressure,34.8,31.2,38.5,32586,24880,0.20977011494252878
2022,OH,Ohio,Jackson,39079,Prevention,CHECKUP,Visits to doctor for routine checkup within the past year among adults,Annual Checkup,76.9,73.2,80.4,32586,24880,0.09362808842652799
2022,OH,Ohio,Jackson,39079,Health Risk Behaviors,CSMOKING,Current cigarette smoking among adults,Current Cigarette Smoking,21.9,19.6,24.3,32586,24880,0.2146118721461187
2022,OH,Ohio,Jackson,39079,Health Outcomes,DEPRESSION,Depression among adults,Depression,28.3,24.6,32.3,32586,24880,0.27208480565371007
2022,OH,Ohio,Jackson,39079,Health Outcomes,DIABETES,Diagnosed diabetes among adults,Diabetes,12.4,10.9,14.1,32586,24880,0.2580645161290322
2022,OH,Ohio,Jackson,39079,Health-Related Social Needs,FOODINSECU,Food insecurity in the past 12 months among adults,Food Insecurity,15.2,13.6,17,32586,24880,0.22368421052631582
2022,OH,Ohio,Jackson,39079,Health-Related Social Needs,LACKTRPT,Lack of reliable transportation in the past 12 months among adults,Transportation Barriers,10.1,9.2,11.1,32586,24880,0.18811881188118815
2022,OH,Ohio,Jackson,39079,Health Risk Behaviors,LPA,No leisure-time physical activity among adults,Physical Inactivity,30.2,26.4,34.3,32586,24880,0.2615894039735099
2022,OH,Ohio,Jackson,39079,Prevention,MAMMOUSE,Mammography use among women aged 50-74 years,Mammography,70.4,62.1,77.5,32586,24880,0.21874999999999997
2022,OH,Ohio,Jackson,39079,Health Status,MHLTH,Frequent mental distress among adults,Frequent Mental Distress,21.1,19.1,23.1,32586,24880,0.1895734597156398
2022,OH,Ohio,Jackson,39079,Health Outcomes,OBESITY,Obesity among adults,Obesity,43.7,37.4,50.4,32586,24880,0.2974828375286041
2022,OH,Ohio,Jefferson,39081,Prevention,ACCESS2,Current lack of health insurance among adults aged 18-64 years,Health Insurance,8.6,7.6,9.7,64330,51914,0.24418604651162787
2021,OH,Ohio,Jefferson,39081,Health Outcomes,BPHIGH,High blood pressure among adults,High Blood Pressure,33.2,29.7,36.7,64330,51914,0.210843373493976
2022,OH,Ohio,Jefferson,39081,Prevention,CHECKUP,Visits to doctor for routine checkup within the past year among adults,Annual Checkup,78.7,75.3,81.7,64330,51914,0.08132147395171545
2022,OH,Ohio,Jefferson,39081,Health Risk Behaviors,CSMOKING,Current cigarette smoking among adults,Current Cigarette Smoking,20.9,18.6,23.1,64330,51914,0.215311004784689
2022,OH,Ohio,Jefferson,39081,Health Outcomes,DEPRESSION,Depression among adults,Depression,27.3,23.9,30.8,64330,51914,0.2527472527472528
2022,OH,Ohio,Jefferson,39081,Health Outcomes,DIABETES,Diagnosed diabetes among adults,Diabetes,11.1,9.8,12.6,64330,51914,0.2522522522522522
2022,OH,Ohio,Jefferson,39081,Health-Related Social Needs,FOODINSECU,Food insecurity in the past 12 months among adults,Food Insecurity,15.4,13.8,17.1,64330,51914,0.21428571428571433
2022,OH,Ohio,Jefferson,39081,Health-Related Social Needs,LACKTRPT,Lack of reliable transportation in the past 12 months among adults,Transportation Barriers,9.7,8.8,10.7,64330,51914,0.19587628865979367
2022,OH,Ohio,Jefferson,39081,Health Risk Behaviors,LPA,No leisure-time physical activity among adults,Physical Inactivity,26.1,22.7,29.7,64330,51914,0.2681992337164751
2022,OH,Ohio,Jefferson,39081,Prevention,MAMMOUSE,Mammography use among women aged 50-74 years,Mammography,72,64.8,78.5,64330,51914,0.19027777777777782
2022,OH,Ohio,Jefferson,39081,Health Status,MHLTH,Frequent mental distress among adults,Frequent Mental Distress,20.8,19,22.7,64330,51914,0.17788461538461534
2022,OH,Ohio,Jefferson,39081,Health Outcomes,OBESITY,Obesity among adults,Obesity,40.1,34.7,45.5,64330,51914,0.2693266832917705
2022,OH,Ohio,Knox,39083,Prevention,ACCESS2,Current lack of health insurance among adults aged 18-64 years,Health Insurance,8.4,7.5,9.5,63183,48910,0.23809523809523808
2021,OH,Ohio,Knox,39083,Health Outcomes,BPHIGH,High blood pressure among adults,High Blood Pressure,30.8,27.4,34.3,63183,48910,0.22402597402597396
2022,OH,Ohio,Knox,39083,Prevention,CHECKUP,Visits to doctor for routine checkup within the past year among adults,Annual Checkup,75.5,72,79,63183,48910,0.09271523178807947
2022,OH,Ohio,Knox,39083,Health Risk Behaviors,CSMOKING,Current cigarette smoking among adults,Current Cigarette Smoking,18.5,16.5,20.7,63183,48910,0.22702702702702698
2022,OH,Ohio,Knox,39083,Health Outcomes,DEPRESSION,Depression among adults,Depression,27.6,24.3,31.4,63183,48910,0.2572463768115941
2022,OH,Ohio,Knox,39083,Health Outcomes,DIABETES,Diagnosed diabetes among adults,Diabetes,10.2,8.9,11.6,63183,48910,0.2647058823529411
2022,OH,Ohio,Knox,39083,Health-Related Social Needs,FOODINSECU,Food insecurity in the past 12 months among adults,Food Insecurity,13.1,11.6,14.6,63183,48910,0.22900763358778625
2022,OH,Ohio,Knox,39083,Health-Related Social Needs,LACKTRPT,Lack of reliable transportation in the past 12 months among adults,Transportation Barriers,9.2,8.3,10.1,63183,48910,0.19565217391304338
2022,OH,Ohio,Knox,39083,Health Risk Behaviors,LPA,No leisure-time physical activity among adults,Physical Inactivity,26.2,22.7,30.2,63183,48910,0.28625954198473286
2022,OH,Ohio,Knox,39083,Prevention,MAMMOUSE,Mammography use among women aged 50-74 years,Mammography,72.7,65.6,79.4,63183,48910,0.189821182943604
2022,OH,Ohio,Knox,39083,Health Status,MHLTH,Frequent mental distress among adults,Frequent Mental Distress,20.6,18.9,22.5,63183,48910,0.17475728155339812
2022,OH,Ohio,Knox,39083,Health Outcomes,OBESITY,Obesity among adults,Obesity,35.8,30.4,41.9,63183,48910,0.32122905027932963
2022,OH,Ohio,Lake,39085,Prevention,ACCESS2,Current lack of health insurance among adults aged 18-64 years,Health Insurance,6.4,5.7,7.2,231842,187697,0.234375
2021,OH,Ohio,Lake,39085,Health Outcomes,BPHIGH,High blood pressure among adults,High Blood Pressure,30.6,27,34.4,231842,187697,0.24183006535947707
2022,OH,Ohio,Lake,39085,Prevention,CHECKUP,Visits to doctor for routine checkup within the past year among adults,Annual Checkup,76.3,72.6,79.7,231842,187697,0.09305373525557023
2022,OH,Ohio,Lake,39085,Health Risk Behaviors,CSMOKING,Current cigarette smoking among adults,Current Cigarette Smoking,16.9,14.9,19,231842,187697,0.24260355029585798
2022,OH,Ohio,Lake,39085,Health Outcomes,DEPRESSION,Depression among adults,Depression,25.9,22.5,29.5,231842,187697,0.2702702702702703
2022,OH,Ohio,Lake,39085,Health Outcomes,DIABETES,Diagnosed diabetes among adults,Diabetes,10.8,9.5,12.3,231842,187697,0.2592592592592593
2022,OH,Ohio,Lake,39085,Health-Related Social Needs,FOODINSECU,Food insecurity in the past 12 months among adults,Food Insecurity,9.5,8.4,10.7,231842,187697,0.24210526315789463
2022,OH,Ohio,Lake,39085,Health-Related Social Needs,LACKTRPT,Lack of reliable transportation in the past 12 months among adults,Transportation Barriers,6.9,6.2,7.6,231842,187697,0.20289855072463758
2022,OH,Ohio,Lake,39085,Health Risk Behaviors,LPA,No leisure-time physical activity among adults,Physical Inactivity,24.7,21.2,28.4,231842,187697,0.291497975708502
2022,OH,Ohio,Lake,39085,Prevention,MAMMOUSE,Mammography use among women aged 50-74 years,Mammography,76.9,70.3,82.7,231842,187697,0.16124837451235377
2022,OH,Ohio,Lake,39085,Health Status,MHLTH,Frequent mental distress among adults,Frequent Mental Distress,19.2,17.5,21,231842,187697,0.18229166666666669
2022,OH,Ohio,Lake,39085,Health Outcomes,OBESITY,Obesity among adults,Obesity,40.9,34.9,47.2,231842,187697,0.30073349633251845
2022,OH,Ohio,Lawrence,39087,Prevention,ACCESS2,Current lack of health insurance among adults aged 18-64 years,Health Insurance,8.2,7.2,9.2,56653,44509,0.24390243902439016
2021,OH,Ohio,Lawrence,39087,Health Outcomes,BPHIGH,High blood pressure among adults,High Blood Pressure,36.6,33.1,40.1,56653,44509,0.1912568306010929
2022,OH,Ohio,Lawrence,39087,Prevention,CHECKUP,Visits to doctor for routine checkup within the past year among adults,Annual Checkup,75.9,72.3,79.3,56653,44509,0.0922266139657444
2022,OH,Ohio,Lawrence,39087,Health Risk Behaviors,CSMOKING,Current cigarette smoking among adults,Current Cigarette Smoking,24.4,21.9,27.1,56653,44509,0.21311475409836078
2022,OH,Ohio,Lawrence,39087,Health Outcomes,DEPRESSION,Depression among adults,Depression,30.6,27.1,34.4,56653,44509,0.23856209150326788
2022,OH,Ohio,Lawrence,39087,Health Outcomes,DIABETES,Diagnosed diabetes among adults,Diabetes,13,11.5,14.6,56653,44509,0.23846153846153845
2022,OH,Ohio,Lawrence,39087,Health-Related Social Needs,FOODINSECU,Food insecurity in the past 12 months among adults,Food Insecurity,14.7,13,16.5,56653,44509,0.2380952380952381
2022,OH,Ohio,Lawrence,39087,Health-Related Social Needs,LACKTRPT,Lack of reliable transportation in the past 12 months among adults,Transportation Barriers,9.6,8.7,10.6,56653,44509,0.1979166666666667
2022,OH,Ohio,Lawrence,39087,Health Risk Behaviors,LPA,No leisure-time physical activity among adults,Physical Inactivity,33.5,29.5,37.7,56653,44509,0.24477611940298516
2022,OH,Ohio,Lawrence,39087,Prevention,MAMMOUSE,Mammography use among women aged 50-74 years,Mammography,69.4,62,76.4,56653,44509,0.20749279538904905
2022,OH,Ohio,Lawrence,39087,Health Status,MHLTH,Frequent mental distress among adults,Frequent Mental Distress,23.4,21.4,25.6,56653,44509,0.17948717948717963
2022,OH,Ohio,Lawrence,39087,Health Outcomes,OBESITY,Obesity among adults,Obesity,44.9,39.4,50.6,56653,44509,0.24944320712694884
2022,OH,Ohio,Licking,39089,Prevention,ACCESS2,Current lack of health insurance among adults aged 18-64 years,Health Insurance,7.9,7.1,8.8,181359,140209,0.21518987341772164
2021,OH,Ohio,Licking,39089,Health Outcomes,BPHIGH,High blood pressure among adults,High Blood Pressure,30.8,27.4,34.3,181359,140209,0.22402597402597396
2022,OH,Ohio,Licking,39089,Prevention,CHECKUP,Visits to doctor for routine checkup within the past year among adults,Annual Checkup,76.7,72.9,80,181359,140209,0.09256844850065181
2022,OH,Ohio,Licking,39089,Health Risk Behaviors,CSMOKING,Current cigarette smoking among adults,Current Cigarette Smoking,19.9,17.6,22.1,181359,140209,0.22613065326633167
2022,OH,Ohio,Licking,39089,Health Outcomes,DEPRESSION,Depression among adults,Depression,26.6,23,30.1,181359,140209,0.2669172932330827
2022,OH,Ohio,Licking,39089,Health Outcomes,DIABETES,Diagnosed diabetes among adults,Diabetes,10.8,9.4,12.3,181359,140209,0.26851851851851855
2022,OH,Ohio,Licking,39089,Health-Related Social Needs,FOODINSECU,Food insecurity in the past 12 months among adults,Food Insecurity,10.4,9.2,11.7,181359,140209,0.24038461538461536
2022,OH,Ohio,Licking,39089,Health-Related Social Needs,LACKTRPT,Lack of reliable transportation in the past 12 months among adults,Transportation Barriers,7.5,6.8,8.3,181359,140209,0.20000000000000012
2022,OH,Ohio,Licking,39089,Health Risk Behaviors,LPA,No leisure-time physical activity among adults,Physical Inactivity,24.7,21,28.4,181359,140209,0.2995951417004048
2022,OH,Ohio,Licking,39089,Prevention,MAMMOUSE,Mammography use among women aged 50-74 years,Mammography,76,68.6,82.1,181359,140209,0.17763157894736842
2022,OH,Ohio,Licking,39089,Health Status,MHLTH,Frequent mental distress among adults,Frequent Mental Distress,20.3,18.5,22.2,181359,140209,0.18226600985221672
2022,OH,Ohio,Licking,39089,Health Outcomes,OBESITY,Obesity among adults,Obesity,36,30.1,41.8,181359,140209,0.3249999999999999
2022,OH,Ohio,Logan,39091,Prevention,ACCESS2,Current lack of health insurance among adults aged 18-64 years,Health Insurance,7.8,6.9,8.8,46040,35671,0.24358974358974364
2021,OH,Ohio,Logan,39091,Health Outcomes,BPHIGH,High blood pressure among adults,High Blood Pressure,32.1,28.3,36.1,46040,35671,0.24299065420560748
2022,OH,Ohio,Logan,39091,Prevention,CHECKUP,Visits to doctor for routine checkup within the past year among adults,Annual Checkup,75.2,70.9,79,46040,35671,0.10771276595744673
2022,OH,Ohio,Logan,39091,Health Risk Behaviors,CSMOKING,Current cigarette smoking among adults,Current Cigarette Smoking,21.2,18.7,23.9,46040,35671,0.2452830188679245
2022,OH,Ohio,Logan,39091,Health Outcomes,DEPRESSION,Depression among adults,Depression,26.9,22.9,31,46040,35671,0.3011152416356878
2022,OH,Ohio,Logan,39091,Health Outcomes,DIABETES,Diagnosed diabetes among adults,Diabetes,11.6,10,13.2,46040,35671,0.2758620689655172
2022,OH,Ohio,Logan,39091,Health-Related Social Needs,FOODINSECU,Food insecurity in the past 12 months among adults,Food Insecurity,15.6,13.9,17.4,46040,35671,0.22435897435897426
2022,OH,Ohio,Logan,39091,Health-Related Social Needs,LACKTRPT,Lack of reliable transportation in the past 12 months among adults,Transportation Barriers,9.8,8.9,10.8,46040,35671,0.19387755102040818
2022,OH,Ohio,Logan,39091,Health Risk Behaviors,LPA,No leisure-time physical activity among adults,Physical Inactivity,28.6,24.2,33.2,46040,35671,0.3146853146853148
2022,OH,Ohio,Logan,39091,Prevention,MAMMOUSE,Mammography use among women aged 50-74 years,Mammography,73,65.2,80.1,46040,35671,0.20410958904109577
2022,OH,Ohio,Logan,39091,Health Status,MHLTH,Frequent mental distress among adults,Frequent Mental Distress,21.2,19.2,23.2,46040,35671,0.18867924528301888
2022,OH,Ohio,Logan,39091,Health Outcomes,OBESITY,Obesity among adults,Obesity,38.7,31.2,46.4,46040,35671,0.3927648578811369
2022,OH,Ohio,Lorain,39093,Prevention,ACCESS2,Current lack of health insurance among adults aged 18-64 years,Health Insurance,8.3,7.4,9.3,316268,248544,0.22891566265060243
2021,OH,Ohio,Lorain,39093,Health Outcomes,BPHIGH,High blood pressure among adults,High Blood Pressure,33.1,29.5,36.9,316268,248544,0.2235649546827794
2022,OH,Ohio,Lorain,39093,Prevention,CHECKUP,Visits to doctor for routine checkup within the past year among adults,Annual Checkup,77.2,73.5,80.3,316268,248544,0.08808290155440411
2022,OH,Ohio,Lorain,39093,Health Risk Behaviors,CSMOKING,Current cigarette smoking among adults,Current Cigarette Smoking,19.4,17.1,21.5,316268,248544,0.22680412371134015
2022,OH,Ohio,Lorain,39093,Health Outcomes,DEPRESSION,Depression among adults,Depression,29.1,25.4,32.5,316268,248544,0.2439862542955327
2022,OH,Ohio,Lorain,39093,Health Outcomes,DIABETES,Diagnosed diabetes among adults,Diabetes,11.6,10.2,13.1,316268,248544,0.25000000000000006
2022,OH,Ohio,Lorain,39093,Health-Related Social Needs,FOODINSECU,Food insecurity in the past 12 months among adults,Food Insecurity,12.7,11.4,14.2,316268,248544,0.22047244094488183
2022,OH,Ohio,Lorain,39093,Health-Related Social Needs,LACKTRPT,Lack of reliable transportation in the past 12 months among adults,Transportation Barriers,8.4,7.7,9.3,316268,248544,0.19047619047619052
2022,OH,Ohio,Lorain,39093,Health Risk Behaviors,LPA,No leisure-time physical activity among adults,Physical Inactivity,28.1,24.3,31.6,316268,248544,0.2597864768683274
2022,OH,Ohio,Lorain,39093,Prevention,MAMMOUSE,Mammography use among women aged 50-74 years,Mammography,73.5,66.2,79.6,316268,248544,0.18231292517006792
2022,OH,Ohio,Lorain,39093,Health Status,MHLTH,Frequent mental distress among adults,Frequent Mental Distress,21.3,19.4,23.1,316268,248544,0.17370892018779355
2022,OH,Ohio,Lorain,39093,Health Outcomes,OBESITY,Obesity among adults,Obesity,39.6,33.8,45.1,316268,248544,0.28535353535353547
2022,OH,Ohio,Lucas,39095,Prevention,ACCESS2,Current lack of health insurance among adults aged 18-64 years,Health Insurance,7.7,6.9,8.7,426643,329973,0.23376623376623362
2021,OH,Ohio,Lucas,39095,Health Outcomes,BPHIGH,High blood pressure among adults,High Blood Pressure,33.5,30.6,36.4,426643,329973,0.17313432835820888
2022,OH,Ohio,Lucas,39095,Prevention,CHECKUP,Visits to doctor for routine checkup within the past year among adults,Annual Checkup,79.5,76.8,82.1,426643,329973,0.06666666666666662
2022,OH,Ohio,Lucas,39095,Health Risk Behaviors,CSMOKING,Current cigarette smoking among adults,Current Cigarette Smoking,19.8,17.8,21.9,426643,329973,0.20707070707070696
2022,OH,Ohio,Lucas,39095,Health Outcomes,DEPRESSION,Depression among adults,Depression,27.9,25.1,30.9,426643,329973,0.20788530465949812
2022,OH,Ohio,Lucas,39095,Health Outcomes,DIABETES,Diagnosed diabetes among adults,Diabetes,12.8,11.5,14.3,426643,329973,0.21875000000000006
2022,OH,Ohio,Lucas,39095,Health-Related Social Needs,FOODINSECU,Food insecurity in the past 12 months among adults,Food Insecurity,15.3,13.8,17,426643,329973,0.20915032679738557
2022,OH,Ohio,Lucas,39095,Health-Related Social Needs,LACKTRPT,Lack of reliable transportation in the past 12 months among adults,Transportation Barriers,10.1,9.2,11.1,426643,329973,0.18811881188118815
2022,OH,Ohio,Lucas,39095,Health Risk Behaviors,LPA,No leisure-time physical activity among adults,Physical Inactivity,27.2,24.4,30.1,426643,329973,0.20955882352941188
2022,OH,Ohio,Lucas,39095,Prevention,MAMMOUSE,Mammography use among women aged 50-74 years,Mammography,73.8,67.7,79.3,426643,329973,0.1571815718157181
2022,OH,Ohio,Lucas,39095,Health Status,MHLTH,Frequent mental distress among adults,Frequent Mental Distress,21.6,19.8,23.4,426643,329973,0.16666666666666655
2022,OH,Ohio,Lucas,39095,Health Outcomes,OBESITY,Obesity among adults,Obesity,42.4,38.6,46.4,426643,329973,0.18396226415094333
2022,OH,Ohio,Madison,39097,Prevention,ACCESS2,Current lack of health insurance among adults aged 18-64 years,Health Insurance,8.7,7.7,9.8,43540,34825,0.24137931034482768
2021,OH,Ohio,Madison,39097,Health Outcomes,BPHIGH,High blood pressure among adults,High Blood Pressure,33.5,29.4,37.8,43540,34825,0.2507462686567164
2022,OH,Ohio,Madison,39097,Prevention,CHECKUP,Visits to doctor for routine checkup within the past year among adults,Annual Checkup,75.3,71.7,79.3,43540,34825,0.1009296148738379
2022,OH,Ohio,Madison,39097,Health Risk Behaviors,CSMOKING,Current cigarette smoking among adults,Current Cigarette Smoking,22.3,20,25,43540,34825,0.22421524663677128
2022,OH,Ohio,Madison,39097,Health Outcomes,DEPRESSION,Depression among adults,Depression,26.7,23.3,30.8,43540,34825,0.2808988764044944
2022,OH,Ohio,Madison,39097,Health Outcomes,DIABETES,Diagnosed diabetes among adults,Diabetes,11.6,10.2,13.3,43540,34825,0.267241379310345
2022,OH,Ohio,Madison,39097,Health-Related Social Needs,FOODINSECU,Food insecurity in the past 12 months among adults,Food Insecurity,12.4,11,13.9,43540,34825,0.2338709677419355
2022,OH,Ohio,Madison,39097,Health-Related Social Needs,LACKTRPT,Lack of reliable transportation in the past 12 months among adults,Transportation Barriers,8.4,7.5,9.3,43540,34825,0.21428571428571436
2022,OH,Ohio,Madison,39097,Health Risk Behaviors,LPA,No leisure-time physical activity among adults,Physical Inactivity,26.9,23.2,31.5,43540,34825,0.308550185873606
2022,OH,Ohio,Madison,39097,Prevention,MAMMOUSE,Mammography use among women aged 50-74 years,Mammography,70.8,63.1,78.7,43540,34825,0.22033898305084748
2022,OH,Ohio,Madison,39097,Health Status,MHLTH,Frequent mental distress among adults,Frequent Mental Distress,21.2,19.5,23.3,43540,34825,0.17924528301886797
2022,OH,Ohio,Madison,39097,Health Outcomes,OBESITY,Obesity among adults,Obesity,41.7,34.9,49.5,43540,34825,0.3501199040767386
2022,OH,Ohio,Mahoning,39099,Prevention,ACCESS2,Current lack of health insurance among adults aged 18-64 years,Health Insurance,9.3,8.3,10.4,225636,180235,0.22580645161290316
2021,OH,Ohio,Mahoning,39099,Health Outcomes,BPHIGH,High blood pressure among adults,High Blood Pressure,31.2,27.8,34.5,225636,180235,0.21474358974358973
2022,OH,Ohio,Mahoning,39099,Prevention,CHECKUP,Visits to doctor for routine checkup within the past year among adults,Annual Checkup,77,73.7,80.1,225636,180235,0.083116883116883
2022,OH,Ohio,Mahoning,39099,Health Risk Behaviors,CSMOKING,Current cigarette smoking among adults,Current Cigarette Smoking,21.6,19.4,24,225636,180235,0.21296296296296302
2022,OH,Ohio,Mahoning,39099,Health Outcomes,DEPRESSION,Depression among adults,Depression,25.6,22.6,28.9,225636,180235,0.2460937499999999
2022,OH,Ohio,Mahoning,39099,Health Outcomes,DIABETES,Diagnosed diabetes among adults,Diabetes,12.5,11.1,14.1,225636,180235,0.24
2022,OH,Ohio,Mahoning,39099,Health-Related Social Needs,FOODINSECU,Food insecurity in the past 12 months among adults,Food Insecurity,17.3,15.5,19.1,225636,180235,0.208092485549133
2022,OH,Ohio,Mahoning,39099,Health-Related Social Needs,LACKTRPT,Lack of reliable transportation in the past 12 months among adults,Transportation Barriers,10.4,9.5,11.5,225636,180235,0.1923076923076923
2022,OH,Ohio,Mahoning,39099,Health Risk Behaviors,LPA,No leisure-time physical activity among adults,Physical Inactivity,27.9,24.6,31.5,225636,180235,0.24731182795698922
2022,OH,Ohio,Mahoning,39099,Prevention,MAMMOUSE,Mammography use among women aged 50-74 years,Mammography,76.7,70.6,82.1,225636,180235,0.1499348109517601
2022,OH,Ohio,Mahoning,39099,Health Status,MHLTH,Frequent mental distress among adults,Frequent Mental Distress,20.9,19.1,22.8,225636,180235,0.1770334928229665
2022,OH,Ohio,Mahoning,39099,Health Outcomes,OBESITY,Obesity among adults,Obesity,39.7,35,44.8,225636,180235,0.2468513853904281
2022,OH,Ohio,Marion,39101,Prevention,ACCESS2,Current lack of health insurance among adults aged 18-64 years,Health Insurance,10.2,9.1,11.4,64642,50880,0.22549019607843146
2021,OH,Ohio,Marion,39101,Health Outcomes,BPHIGH,High blood pressure among adults,High Blood Pressure,35.7,32,39.6,64642,50880,0.21288515406162467
2022,OH,Ohio,Marion,39101,Prevention,CHECKUP,Visits to doctor for routine checkup within the past year among adults,Annual Checkup,76.1,72.7,79.5,64642,50880,0.0893561103810775
2022,OH,Ohio,Marion,39101,Health Risk Behaviors,CSMOKING,Current cigarette smoking among adults,Current Cigarette Smoking,23.2,20.9,25.7,64642,50880,0.20689655172413796
2022,OH,Ohio,Marion,39101,Health Outcomes,DEPRESSION,Depression among adults,Depression,28.4,25,32,64642,50880,0.24647887323943662
2022,OH,Ohio,Marion,39101,Health Outcomes,DIABETES,Diagnosed diabetes among adults,Diabetes,12.8,11.3,14.4,64642,50880,0.24218749999999997
2022,OH,Ohio,Marion,39101,Health-Related Social Needs,FOODINSECU,Food insecurity in the past 12 months among adults,Food Insecurity,18.5,16.6,20.4,64642,50880,0.20540540540540525
2022,OH,Ohio,Marion,39101,Health-Related Social Needs,LACKTRPT,Lack of reliable transportation in the past 12 months among adults,Transportation Barriers,11.7,10.6,12.7,64642,50880,0.17948717948717946
2022,OH,Ohio,Marion,39101,Health Risk Behaviors,LPA,No leisure-time physical activity among adults,Physical Inactivity,27.9,24.4,31.6,64642,50880,0.25806451612903236
2022,OH,Ohio,Marion,39101,Prevention,MAMMOUSE,Mammography use among women aged 50-74 years,Mammography,73,65.8,79.2,64642,50880,0.18356164383561652
2022,OH,Ohio,Marion,39101,Health Status,MHLTH,Frequent mental distress among adults,Frequent Mental Distress,22.2,20.3,24.2,64642,50880,0.17567567567567563
2022,OH,Ohio,Marion,39101,Health Outcomes,OBESITY,Obesity among adults,Obesity,45.2,39.6,50.9,64642,50880,0.24999999999999992
2022,OH,Ohio,Medina,39103,Prevention,ACCESS2,Current lack of health insurance among adults aged 18-64 years,Health Insurance,6.8,6,7.6,183512,144713,0.23529411764705876
2021,OH,Ohio,Medina,39103,Health Outcomes,BPHIGH,High blood pressure among adults,High Blood Pressure,28.4,25.1,31.9,183512,144713,0.23943661971830976
2022,OH,Ohio,Medina,39103,Prevention,CHECKUP,Visits to doctor for routine checkup within the past year among adults,Annual Checkup,76.5,72.8,80,183512,144713,0.09411764705882357
2022,OH,Ohio,Medina,39103,Health Risk Behaviors,CSMOKING,Current cigarette smoking among adults,Current Cigarette Smoking,16.1,14.2,18.1,183512,144713,0.24223602484472062
2022,OH,Ohio,Medina,39103,Health Outcomes,DEPRESSION,Depression among adults,Depression,25.9,22.5,29.6,183512,144713,0.2741312741312742
2022,OH,Ohio,Medina,39103,Health Outcomes,DIABETES,Diagnosed diabetes among adults,Diabetes,10.4,9.1,11.8,183512,144713,0.2596153846153847
2022,OH,Ohio,Medina,39103,Health-Related Social Needs,FOODINSECU,Food insecurity in the past 12 months among adults,Food Insecurity,10.2,9,11.5,183512,144713,0.2450980392156863
2022,OH,Ohio,Medina,39103,Health-Related Social Needs,LACKTRPT,Lack of reliable transportation in the past 12 months among adults,Transportation Barriers,7.3,6.6,8,183512,144713,0.19178082191780826
2022,OH,Ohio,Medina,39103,Health Risk Behaviors,LPA,No leisure-time physical activity among adults,Physical Inactivity,22.3,19.1,25.8,183512,144713,0.3004484304932735
2022,OH,Ohio,Medina,39103,Prevention,MAMMOUSE,Mammography use among women aged 50-74 years,Mammography,76.4,69.3,82.5,183512,144713,0.17277486910994766
2022,OH,Ohio,Medina,39103,Health Status,MHLTH,Frequent mental distress among adults,Frequent Mental Distress,18.1,16.4,19.8,183512,144713,0.18784530386740342
2022,OH,Ohio,Medina,39103,Health Outcomes,OBESITY,Obesity among adults,Obesity,36,30.1,42.1,183512,144713,0.3333333333333333
2022,OH,Ohio,Meigs,39105,Prevention,ACCESS2,Current lack of health insurance among adults aged 18-64 years,Health Insurance,12.3,11,13.8,21969,17454,0.22764227642276427
2021,OH,Ohio,Meigs,39105,Health Outcomes,BPHIGH,High blood pressure among adults,High Blood Pressure,36.4,32.5,40.5,21969,17454,0.21978021978021978
2022,OH,Ohio,Meigs,39105,Prevention,CHECKUP,Visits to doctor for routine checkup within the past year among adults,Annual Checkup,76.1,72.2,79.7,21969,17454,0.0985545335085414
2022,OH,Ohio,Meigs,39105,Health Risk Behaviors,CSMOKING,Current cigarette smoking among adults,Current Cigarette Smoking,25.1,22.4,27.9,21969,17454,0.21912350597609562
2022,OH,Ohio,Meigs,39105,Health Outcomes,DEPRESSION,Depression among adults,Depression,31.1,27.1,35.3,21969,17454,0.26366559485530533
2022,OH,Ohio,Meigs,39105,Health Outcomes,DIABETES,Diagnosed diabetes among adults,Diabetes,13.1,11.5,14.8,21969,17454,0.25190839694656497
2022,OH,Ohio,Meigs,39105,Health-Related Social Needs,FOODINSECU,Food insecurity in the past 12 months among adults,Food Insecurity,16.6,14.8,18.6,21969,17454,0.22891566265060243
2022,OH,Ohio,Meigs,39105,Health-Related Social Needs,LACKTRPT,Lack of reliable transportation in the past 12 months among adults,Transportation Barriers,10.4,9.4,11.5,21969,17454,0.20192307692307687
2022,OH,Ohio,Meigs,39105,Health Risk Behaviors,LPA,No leisure-time physical activity among adults,Physical Inactivity,31.1,26.8,35.6,21969,17454,0.2829581993569132
2022,OH,Ohio,Meigs,39105,Prevention,MAMMOUSE,Mammography use among women aged 50-74 years,Mammography,74.4,67,81.2,21969,17454,0.19086021505376347
2022,OH,Ohio,Meigs,39105,Health Status,MHLTH,Frequent mental distress among adults,Frequent Mental Distress,23.8,21.7,25.9,21969,17454,0.17647058823529407
2022,OH,Ohio,Meigs,39105,Health Outcomes,OBESITY,Obesity among adults,Obesity,48.7,41.6,55.6,21969,17454,0.2874743326488706
2022,OH,Ohio,Mercer,39107,Prevention,ACCESS2,Current lack of health insurance among adults aged 18-64 years,Health Insurance,8.4,7.5,9.4,42348,31316,0.22619047619047622
2021,OH,Ohio,Mercer,39107,Health Outcomes,BPHIGH,High blood pressure among adults,High Blood Pressure,31.5,28.3,36.3,42348,31316,0.25396825396825384
2022,OH,Ohio,Mercer,39107,Prevention,CHECKUP,Visits to doctor for routine checkup within the past year among adults,Annual Checkup,75.1,71.4,78.7,42348,31316,0.09720372836218373
2022,OH,Ohio,Mercer,39107,Health Risk Behaviors,CSMOKING,Current cigarette smoking among adults,Current Cigarette Smoking,19.6,17.5,21.9,42348,31316,0.22448979591836726
2022,OH,Ohio,Mercer,39107,Health Outcomes,DEPRESSION,Depression among adults,Depression,25.8,22.4,29.6,42348,31316,0.27906976744186057
2022,OH,Ohio,Mercer,39107,Health Outcomes,DIABETES,Diagnosed diabetes among adults,Diabetes,10.9,9.5,12.4,42348,31316,0.26605504587155965
2022,OH,Ohio,Mercer,39107,Health-Related Social Needs,FOODINSECU,Food insecurity in the past 12 months among adults,Food Insecurity,11.7,10.4,13.1,42348,31316,0.23076923076923073
2022,OH,Ohio,Mercer,39107,Health-Related Social Needs,LACKTRPT,Lack of reliable transportation in the past 12 months among adults,Transportation Barriers,8.1,7.3,8.9,42348,31316,0.19753086419753094
2022,OH,Ohio,Mercer,39107,Health Risk Behaviors,LPA,No leisure-time physical activity among adults,Physical Inactivity,25.2,21.7,29,42348,31316,0.2896825396825397
2022,OH,Ohio,Mercer,39107,Prevention,MAMMOUSE,Mammography use among women aged 50-74 years,Mammography,77.3,70.8,83.2,42348,31316,0.16041397153945675
2022,OH,Ohio,Mercer,39107,Health Status,MHLTH,Frequent mental distress among adults,Frequent Mental Distress,20.1,18.3,22,42348,31316,0.1840796019900497
2022,OH,Ohio,Mercer,39107,Health Outcomes,OBESITY,Obesity among adults,Obesity,37.8,31.9,44.1,42348,31316,0.32275132275132284
2022,OH,Ohio,Miami,39109,Prevention,ACCESS2,Current lack of health insurance among adults aged 18-64 years,Health Insurance,8,7.1,9.1,110247,85193,0.25
2021,OH,Ohio,Miami,39109,Health Outcomes,BPHIGH,High blood pressure among adults,High Blood Pressure,32.3,28.5,36.1,110247,85193,0.23529411764705888
2022,OH,Ohio,Miami,39109,Prevention,CHECKUP,Visits to doctor for routine checkup within the past year among adults,Annual Checkup,77.7,73.9,81.3,110247,85193,0.09523809523809512
2022,OH,Ohio,Miami,39109,Health Risk Behaviors,CSMOKING,Current cigarette smoking among adults,Current Cigarette Smoking,16.4,14.4,18.5,110247,85193,0.25
2022,OH,Ohio,Miami,39109,Health Outcomes,DEPRESSION,Depression among adults,Depression,26.8,23.1,30.8,110247,85193,0.28731343283582084
2022,OH,Ohio,Miami,39109,Health Outcomes,DIABETES,Diagnosed diabetes among adults,Diabetes,10.5,9.2,12.1,110247,85193,0.2761904761904762
2022,OH,Ohio,Miami,39109,Health-Related Social Needs,FOODINSECU,Food insecurity in the past 12 months among adults,Food Insecurity,12.8,11.4,14.3,110247,85193,0.22656250000000003
2022,OH,Ohio,Miami,39109,Health-Related Social Needs,LACKTRPT,Lack of reliable transportation in the past 12 months among adults,Transportation Barriers,8.6,7.9,9.5,110247,85193,0.18604651162790695
2022,OH,Ohio,Miami,39109,Health Risk Behaviors,LPA,No leisure-time physical activity among adults,Physical Inactivity,21.2,17.8,25,110247,85193,0.33962264150943394
2022,OH,Ohio,Miami,39109,Prevention,MAMMOUSE,Mammography use among women aged 50-74 years,Mammography,71,62.5,78.3,110247,85193,0.2225352112676056
2022,OH,Ohio,Miami,39109,Health Status,MHLTH,Frequent mental distress among adults,Frequent Mental Distress,19.2,17.4,21.2,110247,85193,0.1979166666666667
2022,OH,Ohio,Miami,39109,Health Outcomes,OBESITY,Obesity among adults,Obesity,39.8,33,47.1,110247,85193,0.35427135678391963
2022,OH,Ohio,Monroe,39111,Prevention,ACCESS2,Current lack of health insurance among adults aged 18-64 years,Health Insurance,10,8.9,11.2,13234,10548,0.2299999999999999
2021,OH,Ohio,Monroe,39111,Health Outcomes,BPHIGH,High blood pressure among adults,High Blood Pressure,35.2,31.1,39.1,13234,10548,0.22727272727272727
2022,OH,Ohio,Monroe,39111,Prevention,CHECKUP,Visits to doctor for routine checkup within the past year among adults,Annual Checkup,75.2,71.3,79,13234,10548,0.10239361702127663
2022,OH,Ohio,Monroe,39111,Health Risk Behaviors,CSMOKING,Current cigarette smoking among adults,Current Cigarette Smoking,24.3,21.7,27,13234,10548,0.2181069958847737
2022,OH,Ohio,Monroe,39111,Health Outcomes,DEPRESSION,Depression among adults,Depression,29.4,25.5,33.5,13234,10548,0.272108843537415
2022,OH,Ohio,Monroe,39111,Health Outcomes,DIABETES,Diagnosed diabetes among adults,Diabetes,12.1,10.5,13.8,13234,10548,0.2727272727272728
2022,OH,Ohio,Monroe,39111,Health-Related Social Needs,FOODINSECU,Food insecurity in the past 12 months among adults,Food Insecurity,14.8,13.1,16.6,13234,10548,0.2364864864864866
2022,OH,Ohio,Monroe,39111,Health-Related Social Needs,LACKTRPT,Lack of reliable transportation in the past 12 months among adults,Transportation Barriers,9.6,8.7,10.6,13234,10548,0.1979166666666667
2022,OH,Ohio,Monroe,39111,Health Risk Behaviors,LPA,No leisure-time physical activity among adults,Physical Inactivity,29.4,25.2,33.9,13234,10548,0.29591836734693877
2022,OH,Ohio,Monroe,39111,Prevention,MAMMOUSE,Mammography use among women aged 50-74 years,Mammography,70.9,62.6,78.7,13234,10548,0.22708039492242596
2022,OH,Ohio,Monroe,39111,Health Status,MHLTH,Frequent mental distress among adults,Frequent Mental Distress,22.9,20.9,25,13234,10548,0.17903930131004375
2022,OH,Ohio,Monroe,39111,Health Outcomes,OBESITY,Obesity among adults,Obesity,43,36,50.3,13234,10548,0.33255813953488367
2022,OH,Ohio,Montgomery,39113,Prevention,ACCESS2,Current lack of health insurance among adults aged 18-64 years,Health Insurance,8.4,7.7,9.2,533892,417262,0.17857142857142846
2021,OH,Ohio,Montgomery,39113,Health Outcomes,BPHIGH,High blood pressure among adults,High Blood Pressure,34,30.9,36.9,533892,417262,0.17647058823529413
2022,OH,Ohio,Montgomery,39113,Prevention,CHECKUP,Visits to doctor for routine checkup within the past year among adults,Annual Checkup,78,75.9,80.1,533892,417262,0.0538461538461537
2022,OH,Ohio,Montgomery,39113,Health Risk Behaviors,CSMOKING,Current cigarette smoking among adults,Current Cigarette Smoking,19.9,18.5,21.5,533892,417262,0.15075376884422112
2022,OH,Ohio,Montgomery,39113,Health Outcomes,DEPRESSION,Depression among adults,Depression,27.9,25.8,30.1,533892,417262,0.1541218637992832
2022,OH,Ohio,Montgomery,39113,Health Outcomes,DIABETES,Diagnosed diabetes among adults,Diabetes,12.4,11.4,13.4,533892,417262,0.16129032258064516
2022,OH,Ohio,Montgomery,39113,Health-Related Social Needs,FOODINSECU,Food insecurity in the past 12 months among adults,Food Insecurity,13.9,12.5,15.4,533892,417262,0.20863309352517986
2022,OH,Ohio,Montgomery,39113,Health-Related Social Needs,LACKTRPT,Lack of reliable transportation in the past 12 months among adults,Transportation Barriers,9.1,8.2,9.9,533892,417262,0.18681318681318693
2022,OH,Ohio,Montgomery,39113,Health Risk Behaviors,LPA,No leisure-time physical activity among adults,Physical Inactivity,29.4,27.2,31.7,533892,417262,0.15306122448979592
2022,OH,Ohio,Montgomery,39113,Prevention,MAMMOUSE,Mammography use among women aged 50-74 years,Mammography,76.5,72.5,80.2,533892,417262,0.10065359477124186
2022,OH,Ohio,Montgomery,39113,Health Status,MHLTH,Frequent mental distress among adults,Frequent Mental Distress,20.9,19.7,22.3,533892,417262,0.12440191387559817
2022,OH,Ohio,Montgomery,39113,Health Outcomes,OBESITY,Obesity among adults,Obesity,41.5,38.5,44.6,533892,417262,0.14698795180722896
2022,OH,Ohio,Morgan,39115,Prevention,ACCESS2,Current lack of health insurance among adults aged 18-64 years,Health Insurance,9.8,8.7,11,13668,10826,0.23469387755102047
2021,OH,Ohio,Morgan,39115,Health Outcomes,BPHIGH,High blood pressure among adults,High Blood Pressure,35.5,31.5,39.8,13668,10826,0.23380281690140836
2022,OH,Ohio,Morgan,39115,Prevention,CHECKUP,Visits to doctor for routine checkup within the past year among adults,Annual Checkup,76.8,73,80.5,13668,10826,0.09765625
2022,OH,Ohio,Morgan,39115,Health Risk Behaviors,CSMOKING,Current cigarette smoking among adults,Current Cigarette Smoking,19.3,17.2,21.7,13668,10826,0.23316062176165803
2022,OH,Ohio,Morgan,39115,Health Outcomes,DEPRESSION,Depression among adults,Depression,28.1,24.3,32.3,13668,10826,0.284697508896797
2022,OH,Ohio,Morgan,39115,Health Outcomes,DIABETES,Diagnosed diabetes among adults,Diabetes,11.8,10.4,13.5,13668,10826,0.2627118644067796
2022,OH,Ohio,Morgan,39115,Health-Related Social Needs,FOODINSECU,Food insecurity in the past 12 months among adults,Food Insecurity,19.2,17.3,21.3,13668,10826,0.20833333333333334
2022,OH,Ohio,Morgan,39115,Health-Related Social Needs,LACKTRPT,Lack of reliable transportation in the past 12 months among adults,Transportation Barriers,12.2,11.1,13.4,13668,10826,0.1885245901639345
2022,OH,Ohio,Morgan,39115,Health Risk Behaviors,LPA,No leisure-time physical activity among adults,Physical Inactivity,26.4,22.5,30.8,13668,10826,0.31439393939393945
2022,OH,Ohio,Morgan,39115,Prevention,MAMMOUSE,Mammography use among women aged 50-74 years,Mammography,72.3,64.4,79.6,13668,10826,0.210235131396957
2022,OH,Ohio,Morgan,39115,Health Status,MHLTH,Frequent mental distress among adults,Frequent Mental Distress,21.5,19.5,23.6,13668,10826,0.19069767441860472
2022,OH,Ohio,Morgan,39115,Health Outcomes,OBESITY,Obesity among adults,Obesity,41.8,34.7,49.7,13668,10826,0.35885167464114837
2022,OH,Ohio,Morrow,39117,Prevention,ACCESS2,Current lack of health insurance among adults aged 18-64 years,Health Insurance,10.3,9.1,11.5,35339,27724,0.23300970873786409
2021,OH,Ohio,Morrow,39117,Health Outcomes,BPHIGH,High blood pressure among adults,High Blood Pressure,33.4,29.5,37.4,35339,27724,0.2365269461077844
2022,OH,Ohio,Morrow,39117,Prevention,CHECKUP,Visits to doctor for routine checkup within the past year among adults,Annual Checkup,74.9,71.1,78.6,35339,27724,0.10013351134846461
2022,OH,Ohio,Morrow,39117,Health Risk Behaviors,CSMOKING,Current cigarette smoking among adults,Current Cigarette Smoking,23.8,21.2,26.4,35339,27724,0.21848739495798317
2022,OH,Ohio,Morrow,39117,Health Outcomes,DEPRESSION,Depression among adults,Depression,29.5,25.7,33.5,35339,27724,0.264406779661017
2022,OH,Ohio,Morrow,39117,Health Outcomes,DIABETES,Diagnosed diabetes among adults,Diabetes,12.5,10.9,14.1,35339,27724,0.25599999999999995
2022,OH,Ohio,Morrow,39117,Health-Related Social Needs,FOODINSECU,Food insecurity in the past 12 months among adults,Food Insecurity,13.8,12.3,15.5,35339,27724,0.23188405797101444
2022,OH,Ohio,Morrow,39117,Health-Related Social Needs,LACKTRPT,Lack of reliable transportation in the past 12 months among adults,Transportation Barriers,9,8.1,9.9,35339,27724,0.20000000000000007
2022,OH,Ohio,Morrow,39117,Health Risk Behaviors,LPA,No leisure-time physical activity among adults,Physical Inactivity,30,25.9,34.3,35339,27724,0.27999999999999997
2022,OH,Ohio,Morrow,39117,Prevention,MAMMOUSE,Mammography use among women aged 50-74 years,Mammography,73.2,65.4,80.1,35339,27724,0.20081967213114738
2022,OH,Ohio,Morrow,39117,Health Status,MHLTH,Frequent mental distress among adults,Frequent Mental Distress,22.4,20.4,24.4,35339,27724,0.17857142857142858
2022,OH,Ohio,Morrow,39117,Health Outcomes,OBESITY,Obesity among adults,Obesity,42.6,36,49.3,35339,27724,0.31220657276995295
2022,OH,Ohio,Muskingum,39119,Prevention,ACCESS2,Current lack of health insurance among adults aged 18-64 years,Health Insurance,7.1,6.3,7.9,86113,66796,0.22535211267605643
2021,OH,Ohio,Muskingum,39119,Health Outcomes,BPHIGH,High blood pressure among adults,High Blood Pressure,35.9,32.4,39.3,86113,66796,0.19220055710306402
2022,OH,Ohio,Muskingum,39119,Prevention,CHECKUP,Visits to doctor for routine checkup within the past year among adults,Annual Checkup,77.9,74.5,80.8,86113,66796,0.08087291399229778
2022,OH,Ohio,Muskingum,39119,Health Risk Behaviors,CSMOKING,Current cigarette smoking among adults,Current Cigarette Smoking,19.6,17.5,21.7,86113,66796,0.21428571428571425
2022,OH,Ohio,Muskingum,39119,Health Outcomes,DEPRESSION,Depression among adults,Depression,26.8,23.5,30,86113,66796,0.24253731343283583
2022,OH,Ohio,Muskingum,39119,Health Outcomes,DIABETES,Diagnosed diabetes among adults,Diabetes,11.8,10.3,13.2,86113,66796,0.24576271186440665
2022,OH,Ohio,Muskingum,39119,Health-Related Social Needs,FOODINSECU,Food insecurity in the past 12 months among adults,Food Insecurity,14.5,12.8,16,86113,66796,0.22068965517241373
2022,OH,Ohio,Muskingum,39119,Health-Related Social Needs,LACKTRPT,Lack of reliable transportation in the past 12 months among adults,Transportation Barriers,9.4,8.5,10.3,86113,66796,0.19148936170212774
2022,OH,Ohio,Muskingum,39119,Health Risk Behaviors,LPA,No leisure-time physical activity among adults,Physical Inactivity,27.3,23.8,30.6,86113,66796,0.24908424908424912
2022,OH,Ohio,Muskingum,39119,Prevention,MAMMOUSE,Mammography use among women aged 50-74 years,Mammography,74.6,67.3,80.4,86113,66796,0.17560321715817706
2022,OH,Ohio,Muskingum,39119,Health Status,MHLTH,Frequent mental distress among adults,Frequent Mental Distress,20.2,18.3,21.9,86113,66796,0.17821782178217813
2022,OH,Ohio,Muskingum,39119,Health Outcomes,OBESITY,Obesity among adults,Obesity,41.2,36.1,46,86113,66796,0.24029126213592228
2022,OH,Ohio,Noble,39121,Prevention,ACCESS2,Current lack of health insurance among adults aged 18-64 years,Health Insurance,8.2,7.3,9.2,14335,11638,0.2317073170731707
2021,OH,Ohio,Noble,39121,Health Outcomes,BPHIGH,High blood pressure among adults,High Blood Pressure,34.2,30.2,38.3,14335,11638,0.23684210526315783
2022,OH,Ohio,Noble,39121,Prevention,CHECKUP,Visits to doctor for routine checkup within the past year among adults,Annual Checkup,75.2,71.3,79,14335,11638,0.10239361702127663
2022,OH,Ohio,Noble,39121,Health Risk Behaviors,CSMOKING,Current cigarette smoking among adults,Current Cigarette Smoking,25.4,22.8,28.3,14335,11638,0.21653543307086615
2022,OH,Ohio,Noble,39121,Health Outcomes,DEPRESSION,Depression among adults,Depression,27.7,23.9,31.8,14335,11638,0.2851985559566788
2022,OH,Ohio,Noble,39121,Health Outcomes,DIABETES,Diagnosed diabetes among adults,Diabetes,12.7,11.1,14.5,14335,11638,0.2677165354330709
2022,OH,Ohio,Noble,39121,Health-Related Social Needs,FOODINSECU,Food insecurity in the past 12 months among adults,Food Insecurity,15.3,13.6,17.1,14335,11638,0.22875816993464063
2022,OH,Ohio,Noble,39121,Health-Related Social Needs,LACKTRPT,Lack of reliable transportation in the past 12 months among adults,Transportation Barriers,10,9,11,14335,11638,0.2
2022,OH,Ohio,Noble,39121,Health Risk Behaviors,LPA,No leisure-time physical activity among adults,Physical Inactivity,30.5,26.1,35.2,14335,11638,0.298360655737705
2022,OH,Ohio,Noble,39121,Prevention,MAMMOUSE,Mammography use among women aged 50-74 years,Mammography,72.9,65.1,80.1,14335,11638,0.20576131687242796
2022,OH,Ohio,Noble,39121,Health Status,MHLTH,Frequent mental distress among adults,Frequent Mental Distress,22.4,20.5,24.4,14335,11638,0.1741071428571428
2022,OH,Ohio,Noble,39121,Health Outcomes,OBESITY,Obesity among adults,Obesity,44.8,37.5,52.7,14335,11638,0.33928571428571436
2022,OH,Ohio,Ottawa,39123,Prevention,ACCESS2,Current lack of health insurance among adults aged 18-64 years,Health Insurance,6.8,6,7.6,39978,32977,0.23529411764705876
2021,OH,Ohio,Ottawa,39123,Health Outcomes,BPHIGH,High blood pressure among adults,High Blood Pressure,29.5,25.9,33.1,39978,32977,0.24406779661016959
2022,OH,Ohio,Ottawa,39123,Prevention,CHECKUP,Visits to doctor for routine checkup within the past year among adults,Annual Checkup,75,71.1,78.7,39978,32977,0.10133333333333344
2022,OH,Ohio,Ottawa,39123,Health Risk Behaviors,CSMOKING,Current cigarette smoking among adults,Current Cigarette Smoking,17.4,15.5,19.6,39978,32977,0.23563218390804608
2022,OH,Ohio,Ottawa,39123,Health Outcomes,DEPRESSION,Depression among adults,Depression,25.8,22.3,29.7,39978,32977,0.28682170542635654
2022,OH,Ohio,Ottawa,39123,Health Outcomes,DIABETES,Diagnosed diabetes among adults,Diabetes,10.3,9,11.8,39978,32977,0.2718446601941748
2022,OH,Ohio,Ottawa,39123,Health-Related Social Needs,FOODINSECU,Food insecurity in the past 12 months among adults,Food Insecurity,10.9,9.7,12.2,39978,32977,0.2293577981651376
2022,OH,Ohio,Ottawa,39123,Health-Related Social Needs,LACKTRPT,Lack of reliable transportation in the past 12 months among adults,Transportation Barriers,7.7,7,8.6,39978,32977,0.20779220779220775
2022,OH,Ohio,Ottawa,39123,Health Risk Behaviors,LPA,No leisure-time physical activity among adults,Physical Inactivity,23.4,19.8,27.3,39978,32977,0.32051282051282054
2022,OH,Ohio,Ottawa,39123,Prevention,MAMMOUSE,Mammography use among women aged 50-74 years,Mammography,75.7,68.3,82.3,39978,32977,0.18494055482166447
2022,OH,Ohio,Ottawa,39123,Health Status,MHLTH,Frequent mental distress among adults,Frequent Mental Distress,19.2,17.5,21.1,39978,32977,0.18750000000000008
2022,OH,Ohio,Ottawa,39123,Health Outcomes,OBESITY,Obesity among adults,Obesity,41.2,34.4,48.4,39978,32977,0.3398058252427184
2022,OH,Ohio,Paulding,39125,Prevention,ACCESS2,Current lack of health insurance among adults aged 18-64 years,Health Insurance,7.5,6.7,8.4,18757,14346,0.22666666666666668
2021,OH,Ohio,Paulding,39125,Health Outcomes,BPHIGH,High blood pressure among adults,High Blood Pressure,32.3,28.8,35.9,18757,14346,0.21981424148606807
2022,OH,Ohio,Paulding,39125,Prevention,CHECKUP,Visits to doctor for routine checkup within the past year among adults,Annual Checkup,75.3,71.1,79.1,18757,14346,0.10624169986719788
2022,OH,Ohio,Paulding,39125,Health Risk Behaviors,CSMOKING,Current cigarette smoking among adults,Current Cigarette Smoking,22.5,19.9,25.2,18757,14346,0.23555555555555557
2022,OH,Ohio,Paulding,39125,Health Outcomes,DEPRESSION,Depression among adults,Depression,27.7,23.8,31.7,18757,14346,0.28519855595667865
2022,OH,Ohio,Paulding,39125,Health Outcomes,DIABETES,Diagnosed diabetes among adults,Diabetes,11.8,10.2,13.5,18757,14346,0.2796610169491526
2022,OH,Ohio,Paulding,39125,Health-Related Social Needs,FOODINSECU,Food insecurity in the past 12 months among adults,Food Insecurity,12.9,11.6,14.3,18757,14346,0.20930232558139542
2022,OH,Ohio,Paulding,39125,Health-Related Social Needs,LACKTRPT,Lack of reliable transportation in the past 12 months among adults,Transportation Barriers,8.5,7.7,9.2,18757,14346,0.17647058823529402
2022,OH,Ohio,Paulding,39125,Health Risk Behaviors,LPA,No leisure-time physical activity among adults,Physical Inactivity,29.3,24.9,33.9,18757,14346,0.30716723549488056
2022,OH,Ohio,Paulding,39125,Prevention,MAMMOUSE,Mammography use among women aged 50-74 years,Mammography,74.9,66.9,81.8,18757,14346,0.1989319092122829
2022,OH,Ohio,Paulding,39125,Health Status,MHLTH,Frequent mental distress among adults,Frequent Mental Distress,22,19.9,24,18757,14346,0.18636363636363643
2022,OH,Ohio,Paulding,39125,Health Outcomes,OBESITY,Obesity among adults,Obesity,39.4,31.9,47.5,18757,14346,0.3959390862944163
2022,OH,Ohio,Perry,39127,Prevention,ACCESS2,Current lack of health insurance among adults aged 18-64 years,Health Insurance,6.4,5.6,7.2,35480,27219,0.25000000000000006
2021,OH,Ohio,Perry,39127,Health Outcomes,BPHIGH,High blood pressure among adults,High Blood Pressure,34.4,30.6,38.4,35480,27219,0.22674418604651156
2022,OH,Ohio,Perry,39127,Prevention,CHECKUP,Visits to doctor for routine checkup within the past year among adults,Annual Checkup,76.1,72.1,79.7,35480,27219,0.09986859395532206
2022,OH,Ohio,Perry,39127,Health Risk Behaviors,CSMOKING,Current cigarette smoking among adults,Current Cigarette Smoking,23.7,21,26.4,35480,27219,0.22784810126582272
2022,OH,Ohio,Perry,39127,Health Outcomes,DEPRESSION,Depression among adults,Depression,27.5,23.8,31.4,35480,27219,0.2763636363636363
2022,OH,Ohio,Perry,39127,Health Outcomes,DIABETES,Diagnosed diabetes among adults,Diabetes,12,10.4,13.6,35480,27219,0.2666666666666666
2022,OH,Ohio,Perry,39127,Health-Related Social Needs,FOODINSECU,Food insecurity in the past 12 months among adults,Food Insecurity,15,13.3,16.9,35480,27219,0.23999999999999985
2022,OH,Ohio,Perry,39127,Health-Related Social Needs,LACKTRPT,Lack of reliable transportation in the past 12 months among adults,Transportation Barriers,9.5,8.6,10.5,35480,27219,0.20000000000000004
2022,OH,Ohio,Perry,39127,Health Risk Behaviors,LPA,No leisure-time physical activity among adults,Physical Inactivity,30.4,26.2,34.8,35480,27219,0.2828947368421052
2022,OH,Ohio,Perry,39127,Prevention,MAMMOUSE,Mammography use among women aged 50-74 years,Mammography,72.5,64.1,79.6,35480,27219,0.21379310344827587
2022,OH,Ohio,Perry,39127,Health Status,MHLTH,Frequent mental distress among adults,Frequent Mental Distress,22.1,20,24.1,35480,27219,0.1855203619909503
2022,OH,Ohio,Perry,39127,Health Outcomes,OBESITY,Obesity among adults,Obesity,42.9,36.2,49.7,35480,27219,0.3146853146853147
2022,OH,Ohio,Pickaway,39129,Prevention,ACCESS2,Current lack of health insurance among adults aged 18-64 years,Health Insurance,11,9.8,12.3,60023,47111,0.22727272727272727
2021,OH,Ohio,Pickaway,39129,Health Outcomes,BPHIGH,High blood pressure among adults,High Blood Pressure,33,29.1,37.1,60023,47111,0.24242424242424243
2022,OH,Ohio,Pickaway,39129,Prevention,CHECKUP,Visits to doctor for routine checkup within the past year among adults,Annual Checkup,76.3,72.5,80,60023,47111,0.0982961992136304
2022,OH,Ohio,Pickaway,39129,Health Risk Behaviors,CSMOKING,Current cigarette smoking among adults,Current Cigarette Smoking,19.6,17.3,21.9,60023,47111,0.23469387755102028
2022,OH,Ohio,Pickaway,39129,Health Outcomes,DEPRESSION,Depression among adults,Depression,27.8,24.1,31.8,60023,47111,0.276978417266187
2022,OH,Ohio,Pickaway,39129,Health Outcomes,DIABETES,Diagnosed diabetes among adults,Diabetes,11.2,9.8,12.8,60023,47111,0.26785714285714285
2022,OH,Ohio,Pickaway,39129,Health-Related Social Needs,FOODINSECU,Food insecurity in the past 12 months among adults,Food Insecurity,15,13.4,16.8,60023,47111,0.22666666666666668
2022,OH,Ohio,Pickaway,39129,Health-Related Social Needs,LACKTRPT,Lack of reliable transportation in the past 12 months among adults,Transportation Barriers,9.8,8.9,10.8,60023,47111,0.19387755102040818
2022,OH,Ohio,Pickaway,39129,Health Risk Behaviors,LPA,No leisure-time physical activity among adults,Physical Inactivity,25.8,22,30,60023,47111,0.31007751937984496
2022,OH,Ohio,Pickaway,39129,Prevention,MAMMOUSE,Mammography use among women aged 50-74 years,Mammography,70,61.7,77.5,60023,47111,0.22571428571428567
2022,OH,Ohio,Pickaway,39129,Health Status,MHLTH,Frequent mental distress among adults,Frequent Mental Distress,20.1,18.3,22.1,60023,47111,0.18905472636815923
2022,OH,Ohio,Pickaway,39129,Health Outcomes,OBESITY,Obesity among adults,Obesity,42.9,35.9,50.2,60023,47111,0.3333333333333334
2022,OH,Ohio,Pike,39131,Prevention,ACCESS2,Current lack of health insurance among adults aged 18-64 years,Health Insurance,11,9.8,12.4,27005,20657,0.23636363636363633
2021,OH,Ohio,Pike,39131,Health Outcomes,BPHIGH,High blood pressure among adults,High Blood Pressure,35.3,31.4,39.2,27005,20657,0.2209631728045327
2022,OH,Ohio,Pike,39131,Prevention,CHECKUP,Visits to doctor for routine checkup within the past year among adults,Annual Checkup,77.6,73.9,81,27005,20657,0.09149484536082468
2022,OH,Ohio,Pike,39131,Health Risk Behaviors,CSMOKING,Current cigarette smoking among adults,Current Cigarette Smoking,25.1,22.5,27.7,27005,20657,0.2071713147410358
2022,OH,Ohio,Pike,39131,Health Outcomes,DEPRESSION,Depression among adults,Depression,31,27.1,35.1,27005,20657,0.25806451612903225
2022,OH,Ohio,Pike,39131,Health Outcomes,DIABETES,Diagnosed diabetes among adults,Diabetes,13.3,11.7,15.1,27005,20657,0.2556390977443609
2022,OH,Ohio,Pike,39131,Health-Related Social Needs,FOODINSECU,Food insecurity in the past 12 months among adults,Food Insecurity,18.8,16.8,20.9,27005,20657,0.2180851063829786
2022,OH,Ohio,Pike,39131,Health-Related Social Needs,LACKTRPT,Lack of reliable transportation in the past 12 months among adults,Transportation Barriers,11.7,10.6,12.9,27005,20657,0.19658119658119666
2022,OH,Ohio,Pike,39131,Health Risk Behaviors,LPA,No leisure-time physical activity among adults,Physical Inactivity,31.4,27.2,35.8,27005,20657,0.2738853503184713
2022,OH,Ohio,Pike,39131,Prevention,MAMMOUSE,Mammography use among women aged 50-74 years,Mammography,69.2,61.3,76.7,27005,20657,0.22254335260115615
2022,OH,Ohio,Pike,39131,Health Status,MHLTH,Frequent mental distress among adults,Frequent Mental Distress,23.4,21.4,25.5,27005,20657,0.17521367521367529
2022,OH,Ohio,Pike,39131,Health Outcomes,OBESITY,Obesity among adults,Obesity,40.6,34.2,47.4,27005,20657,0.3251231527093595
2022,OH,Ohio,Portage,39133,Prevention,ACCESS2,Current lack of health insurance among adults aged 18-64 years,Health Insurance,6.8,6,7.6,161745,132730,0.23529411764705876
2021,OH,Ohio,Portage,39133,Health Outcomes,BPHIGH,High blood pressure among adults,High Blood Pressure,31.8,28.3,35.6,161745,132730,0.22955974842767296
2022,OH,Ohio,Portage,39133,Prevention,CHECKUP,Visits to doctor for routine checkup within the past year among adults,Annual Checkup,75.7,72.2,79,161745,132730,0.08982826948480842
2022,OH,Ohio,Portage,39133,Health Risk Behaviors,CSMOKING,Current cigarette smoking among adults,Current Cigarette Smoking,17.5,15.6,19.5,161745,132730,0.22285714285714286
2022,OH,Ohio,Portage,39133,Health Outcomes,DEPRESSION,Depression among adults,Depression,26.4,23.2,30,161745,132730,0.2575757575757576
2022,OH,Ohio,Portage,39133,Health Outcomes,DIABETES,Diagnosed diabetes among adults,Diabetes,10.6,9.4,12.1,161745,132730,0.2547169811320754
2022,OH,Ohio,Portage,39133,Health-Related Social Needs,FOODINSECU,Food insecurity in the past 12 months among adults,Food Insecurity,11.8,10.4,13.3,161745,132730,0.2457627118644068
2022,OH,Ohio,Portage,39133,Health-Related Social Needs,LACKTRPT,Lack of reliable transportation in the past 12 months among adults,Transportation Barriers,8.1,7.3,8.9,161745,132730,0.19753086419753094
2022,OH,Ohio,Portage,39133,Health Risk Behaviors,LPA,No leisure-time physical activity among adults,Physical Inactivity,23.2,20,26.7,161745,132730,0.28879310344827586
2022,OH,Ohio,Portage,39133,Prevention,MAMMOUSE,Mammography use among women aged 50-74 years,Mammography,72.9,65.5,79.5,161745,132730,0.19204389574759945
2022,OH,Ohio,Portage,39133,Health Status,MHLTH,Frequent mental distress among adults,Frequent Mental Distress,19.2,17.5,21,161745,132730,0.18229166666666669
2022,OH,Ohio,Portage,39133,Health Outcomes,OBESITY,Obesity among adults,Obesity,38.5,33.2,44.1,161745,132730,0.2831168831168831
2022,OH,Ohio,Preble,39135,Prevention,ACCESS2,Current lack of health insurance among adults aged 18-64 years,Health Insurance,6.9,6,7.8,40596,31654,0.26086956521739124
2021,OH,Ohio,Preble,39135,Health Outcomes,BPHIGH,High blood pressure among adults,High Blood Pressure,32.4,28.2,36.5,40596,31654,0.25617283950617287
2022,OH,Ohio,Preble,39135,Prevention,CHECKUP,Visits to doctor for routine checkup within the past year among adults,Annual Checkup,76,71.6,80,40596,31654,0.11052631578947376
2022,OH,Ohio,Preble,39135,Health Risk Behaviors,CSMOKING,Current cigarette smoking among adults,Current Cigarette Smoking,21.6,19,24.3,40596,31654,0.24537037037037038
2022,OH,Ohio,Preble,39135,Health Outcomes,DEPRESSION,Depression among adults,Depression,27.8,23.6,32.2,40596,31654,0.30935251798561153
2022,OH,Ohio,Preble,39135,Health Outcomes,DIABETES,Diagnosed diabetes among adults,Diabetes,11.4,9.8,13.2,40596,31654,0.2982456140350876
2022,OH,Ohio,Preble,39135,Health-Related Social Needs,FOODINSECU,Food insecurity in the past 12 months among adults,Food Insecurity,12.3,10.9,13.7,40596,31654,0.22764227642276413
2022,OH,Ohio,Preble,39135,Health-Related Social Needs,LACKTRPT,Lack of reliable transportation in the past 12 months among adults,Transportation Barriers,8.3,7.5,9.1,40596,31654,0.19277108433734935
2022,OH,Ohio,Preble,39135,Health Risk Behaviors,LPA,No leisure-time physical activity among adults,Physical Inactivity,26.4,22,30.9,40596,31654,0.3371212121212121
2022,OH,Ohio,Preble,39135,Prevention,MAMMOUSE,Mammography use among women aged 50-74 years,Mammography,73.7,64.9,81.1,40596,31654,0.21981004070556293
2022,OH,Ohio,Preble,39135,Health Status,MHLTH,Frequent mental distress among adults,Frequent Mental Distress,20.8,18.8,23,40596,31654,0.20192307692307687
2022,OH,Ohio,Preble,39135,Health Outcomes,OBESITY,Obesity among adults,Obesity,38.5,30.4,46.5,40596,31654,0.4181818181818182
2022,OH,Ohio,Putnam,39137,Prevention,ACCESS2,Current lack of health insurance among adults aged 18-64 years,Health Insurance,9.3,8.2,10.4,34334,25624,0.23655913978494633
2021,OH,Ohio,Putnam,39137,Health Outcomes,BPHIGH,High blood pressure among adults,High Blood Pressure,31.4,27.9,35,34334,25624,0.22611464968152872
2022,OH,Ohio,Putnam,39137,Prevention,CHECKUP,Visits to doctor for routine checkup within the past year among adults,Annual Checkup,76.1,72.5,79.7,34334,25624,0.09461235216819978
2022,OH,Ohio,Putnam,39137,Health Risk Behaviors,CSMOKING,Current cigarette smoking among adults,Current Cigarette Smoking,16,14.2,18.1,34334,25624,0.24375000000000013
2022,OH,Ohio,Putnam,39137,Health Outcomes,DEPRESSION,Depression among adults,Depression,25.2,22,28.9,34334,25624,0.2738095238095238
2022,OH,Ohio,Putnam,39137,Health Outcomes,DIABETES,Diagnosed diabetes among adults,Diabetes,10.1,8.9,11.6,34334,25624,0.2673267326732673
2022,OH,Ohio,Putnam,39137,Health-Related Social Needs,FOODINSECU,Food insecurity in the past 12 months among adults,Food Insecurity,10.3,9.1,11.6,34334,25624,0.24271844660194172
2022,OH,Ohio,Putnam,39137,Health-Related Social Needs,LACKTRPT,Lack of reliable transportation in the past 12 months among adults,Transportation Barriers,6.9,6.2,7.6,34334,25624,0.20289855072463758
2022,OH,Ohio,Putnam,39137,Health Risk Behaviors,LPA,No leisure-time physical activity among adults,Physical Inactivity,21.7,18.7,25.3,34334,25624,0.3041474654377881
2022,OH,Ohio,Putnam,39137,Prevention,MAMMOUSE,Mammography use among women aged 50-74 years,Mammography,81.5,75.7,86.7,34334,25624,0.13496932515337423
2022,OH,Ohio,Putnam,39137,Health Status,MHLTH,Frequent mental distress among adults,Frequent Mental Distress,18.8,17.2,20.7,34334,25624,0.18617021276595744
2022,OH,Ohio,Putnam,39137,Health Outcomes,OBESITY,Obesity among adults,Obesity,40,34.2,46.7,34334,25624,0.3125
2022,OH,Ohio,Richland,39139,Prevention,ACCESS2,Current lack of health insurance among adults aged 18-64 years,Health Insurance,9.9,8.8,11,125319,98268,0.22222222222222215
2021,OH,Ohio,Richland,39139,Health Outcomes,BPHIGH,High blood pressure among adults,High Blood Pressure,33,29.4,36.3,125319,98268,0.20909090909090905
2022,OH,Ohio,Richland,39139,Prevention,CHECKUP,Visits to doctor for routine checkup within the past year among adults,Annual Checkup,76,72.6,79.3,125319,98268,0.08815789473684214
2022,OH,Ohio,Richland,39139,Health Risk Behaviors,CSMOKING,Current cigarette smoking among adults,Current Cigarette Smoking,18.6,16.6,20.7,125319,98268,0.22043010752688158
2022,OH,Ohio,Richland,39139,Health Outcomes,DEPRESSION,Depression among adults,Depression,27.3,24.1,30.8,125319,98268,0.24542124542124538
2022,OH,Ohio,Richland,39139,Health Outcomes,DIABETES,Diagnosed diabetes among adults,Diabetes,12,10.5,13.5,125319,98268,0.25
2022,OH,Ohio,Richland,39139,Health-Related Social Needs,FOODINSECU,Food insecurity in the past 12 months among adults,Food Insecurity,17.6,15.9,19.6,125319,98268,0.21022727272727276
2022,OH,Ohio,Richland,39139,Health-Related Social Needs,LACKTRPT,Lack of reliable transportation in the past 12 months among adults,Transportation Barriers,10.9,9.9,11.9,125319,98268,0.18348623853211007
2022,OH,Ohio,Richland,39139,Health Risk Behaviors,LPA,No leisure-time physical activity among adults,Physical Inactivity,26,22.7,29.4,125319,98268,0.25769230769230766
2022,OH,Ohio,Richland,39139,Prevention,MAMMOUSE,Mammography use among women aged 50-74 years,Mammography,69.3,62,76,125319,98268,0.20202020202020202
2022,OH,Ohio,Richland,39139,Health Status,MHLTH,Frequent mental distress among adults,Frequent Mental Distress,20.5,18.7,22.4,125319,98268,0.18048780487804875
2022,OH,Ohio,Richland,39139,Health Outcomes,OBESITY,Obesity among adults,Obesity,39.8,34.7,45.1,125319,98268,0.26130653266331655
2022,OH,Ohio,Ross,39141,Prevention,ACCESS2,Current lack of health insurance among adults aged 18-64 years,Health Insurance,10.9,9.7,12.3,76606,60517,0.23853211009174324
2021,OH,Ohio,Ross,39141,Health Outcomes,BPHIGH,High blood pressure among adults,High Blood Pressure,33.8,30.4,37.3,76606,60517,0.20414201183431951
2022,OH,Ohio,Ross,39141,Prevention,CHECKUP,Visits to doctor for routine checkup within the past year among adults,Annual Checkup,76.9,73.7,80,76606,60517,0.08192457737321192
2022,OH,Ohio,Ross,39141,Health Risk Behaviors,CSMOKING,Current cigarette smoking among adults,Current Cigarette Smoking,23.4,21.1,25.9,76606,60517,0.205128205128205
2022,OH,Ohio,Ross,39141,Health Outcomes,DEPRESSION,Depression among adults,Depression,28.7,25.6,32.1,76606,60517,0.2264808362369338
2022,OH,Ohio,Ross,39141,Health Outcomes,DIABETES,Diagnosed diabetes among adults,Diabetes,13,11.5,14.7,76606,60517,0.2461538461538461
2022,OH,Ohio,Ross,39141,Health-Related Social Needs,FOODINSECU,Food insecurity in the past 12 months among adults,Food Insecurity,17.4,15.6,19.1,76606,60517,0.20114942528735644
2022,OH,Ohio,Ross,39141,Health-Related Social Needs,LACKTRPT,Lack of reliable transportation in the past 12 months among adults,Transportation Barriers,11,10,12,76606,60517,0.18181818181818182
2022,OH,Ohio,Ross,39141,Health Risk Behaviors,LPA,No leisure-time physical activity among adults,Physical Inactivity,29,25.7,32.7,76606,60517,0.2413793103448277
2022,OH,Ohio,Ross,39141,Prevention,MAMMOUSE,Mammography use among women aged 50-74 years,Mammography,70.5,63.6,77,76606,60517,0.19007092198581557
2022,OH,Ohio,Ross,39141,Health Status,MHLTH,Frequent mental distress among adults,Frequent Mental Distress,22.3,20.4,24.3,76606,60517,0.1748878923766817
2022,OH,Ohio,Ross,39141,Health Outcomes,OBESITY,Obesity among adults,Obesity,42.2,37.4,47.4,76606,60517,0.23696682464454974
2022,OH,Ohio,Sandusky,39143,Prevention,ACCESS2,Current lack of health insurance among adults aged 18-64 years,Health Insurance,8.6,7.6,9.6,58667,45983,0.23255813953488372
2021,OH,Ohio,Sandusky,39143,Health Outcomes,BPHIGH,High blood pressure among adults,High Blood Pressure,32.4,28.9,36,58667,45983,0.21913580246913586
2022,OH,Ohio,Sandusky,39143,Prevention,CHECKUP,Visits to doctor for routine checkup within the past year among adults,Annual Checkup,74.8,71,78.4,58667,45983,0.09893048128342254
2022,OH,Ohio,Sandusky,39143,Health Risk Behaviors,CSMOKING,Current cigarette smoking among adults,Current Cigarette Smoking,21,18.7,23.5,58667,45983,0.2285714285714286
2022,OH,Ohio,Sandusky,39143,Health Outcomes,DEPRESSION,Depression among adults,Depression,27,23.4,30.7,58667,45983,0.27037037037037037
2022,OH,Ohio,Sandusky,39143,Health Outcomes,DIABETES,Diagnosed diabetes among adults,Diabetes,12.1,10.6,13.7,58667,45983,0.256198347107438
2022,OH,Ohio,Sandusky,39143,Health-Related Social Needs,FOODINSECU,Food insecurity in the past 12 months among adults,Food Insecurity,13.4,11.9,15.1,58667,45983,0.23880597014925367
2022,OH,Ohio,Sandusky,39143,Health-Related Social Needs,LACKTRPT,Lack of reliable transportation in the past 12 months among adults,Transportation Barriers,8.8,7.9,9.7,58667,45983,0.20454545454545442
2022,OH,Ohio,Sandusky,39143,Health Risk Behaviors,LPA,No leisure-time physical activity among adults,Physical Inactivity,28.5,24.6,32.6,58667,45983,0.2807017543859649
2022,OH,Ohio,Sandusky,39143,Prevention,MAMMOUSE,Mammography use among women aged 50-74 years,Mammography,74.7,67.1,81.3,58667,45983,0.19009370816599735
2022,OH,Ohio,Sandusky,39143,Health Status,MHLTH,Frequent mental distress among adults,Frequent Mental Distress,20.8,18.9,22.8,58667,45983,0.18750000000000008
2022,OH,Ohio,Sandusky,39143,Health Outcomes,OBESITY,Obesity among adults,Obesity,42.2,35.8,48.7,58667,45983,0.3056872037914693
2022,OH,Ohio,Scioto,39145,Prevention,ACCESS2,Current lack of health insurance among adults aged 18-64 years,Health Insurance,10.1,9,11.3,72194,56645,0.22772277227722781
2021,OH,Ohio,Scioto,39145,Health Outcomes,BPHIGH,High blood pressure among adults,High Blood Pressure,39,35.6,42.3,72194,56645,0.17179487179487168
2022,OH,Ohio,Scioto,39145,Prevention,CHECKUP,Visits to doctor for routine checkup within the past year among adults,Annual Checkup,76.3,72.8,79.5,72194,56645,0.08781127129750987
2022,OH,Ohio,Scioto,39145,Health Risk Behaviors,CSMOKING,Current cigarette smoking among adults,Current Cigarette Smoking,23.6,21.1,26.2,72194,56645,0.21610169491525413
2022,OH,Ohio,Scioto,39145,Health Outcomes,DEPRESSION,Depression among adults,Depression,28.4,25,31.9,72194,56645,0.2429577464788732
2022,OH,Ohio,Scioto,39145,Health Outcomes,DIABETES,Diagnosed diabetes among adults,Diabetes,12.9,11.4,14.5,72194,56645,0.2403100775193798
2022,OH,Ohio,Scioto,39145,Health-Related Social Needs,FOODINSECU,Food insecurity in the past 12 months among adults,Food Insecurity,18,16.2,20,72194,56645,0.21111111111111114
2022,OH,Ohio,Scioto,39145,Health-Related Social Needs,LACKTRPT,Lack of reliable transportation in the past 12 months among adults,Transportation Barriers,11.3,10.3,12.5,72194,56645,0.19469026548672558
2022,OH,Ohio,Scioto,39145,Health Risk Behaviors,LPA,No leisure-time physical activity among adults,Physical Inactivity,30.6,26.8,34.3,72194,56645,0.24509803921568615
2022,OH,Ohio,Scioto,39145,Prevention,MAMMOUSE,Mammography use among women aged 50-74 years,Mammography,69,61.5,75.9,72194,56645,0.20869565217391312
2022,OH,Ohio,Scioto,39145,Health Status,MHLTH,Frequent mental distress among adults,Frequent Mental Distress,23.2,21.2,25.2,72194,56645,0.1724137931034483
2022,OH,Ohio,Scioto,39145,Health Outcomes,OBESITY,Obesity among adults,Obesity,43.7,38.3,49.1,72194,56645,0.2471395881006866
2022,OH,Ohio,Seneca,39147,Prevention,ACCESS2,Current lack of health insurance among adults aged 18-64 years,Health Insurance,8,7.1,8.8,54632,43023,0.21250000000000013
2021,OH,Ohio,Seneca,39147,Health Outcomes,BPHIGH,High blood pressure among adults,High Blood Pressure,31.9,27.9,35.9,54632,43023,0.25078369905956116
2022,OH,Ohio,Seneca,39147,Prevention,CHECKUP,Visits to doctor for routine checkup within the past year among adults,Annual Checkup,77.2,73.8,80.4,54632,43023,0.08549222797927472
2022,OH,Ohio,Seneca,39147,Health Risk Behaviors,CSMOKING,Current cigarette smoking among adults,Current Cigarette Smoking,22.4,20.1,25,54632,43023,0.21874999999999994
2022,OH,Ohio,Seneca,39147,Health Outcomes,DEPRESSION,Depression among adults,Depression,27.8,24.4,31.5,54632,43023,0.25539568345323743
2022,OH,Ohio,Seneca,39147,Health Outcomes,DIABETES,Diagnosed diabetes among adults,Diabetes,12.1,10.7,13.7,54632,43023,0.24793388429752067
2022,OH,Ohio,Seneca,39147,Health-Related Social Needs,FOODINSECU,Food insecurity in the past 12 months among adults,Food Insecurity,10.9,9.7,12.3,54632,43023,0.23853211009174324
2022,OH,Ohio,Seneca,39147,Health-Related Social Needs,LACKTRPT,Lack of reliable transportation in the past 12 months among adults,Transportation Barriers,7.6,6.9,8.4,54632,43023,0.19736842105263158
2022,OH,Ohio,Seneca,39147,Health Risk Behaviors,LPA,No leisure-time physical activity among adults,Physical Inactivity,28.5,24.8,32.5,54632,43023,0.2701754385964912
2022,OH,Ohio,Seneca,39147,Prevention,MAMMOUSE,Mammography use among women aged 50-74 years,Mammography,71.7,63.9,78.4,54632,43023,0.2022315202231521
2022,OH,Ohio,Seneca,39147,Health Status,MHLTH,Frequent mental distress among adults,Frequent Mental Distress,21.5,19.7,23.5,54632,43023,0.17674418604651165
2022,OH,Ohio,Seneca,39147,Health Outcomes,OBESITY,Obesity among adults,Obesity,47.1,41.1,53.2,54632,43023,0.25690021231422505
2022,OH,Ohio,Shelby,39149,Prevention,ACCESS2,Current lack of health insurance among adults aged 18-64 years,Health Insurance,7.4,6.6,8.3,47671,36084,0.22972972972972985
2021,OH,Ohio,Shelby,39149,Health Outcomes,BPHIGH,High blood pressure among adults,High Blood Pressure,32.1,28.3,36.2,47671,36084,0.24610591900311532
2022,OH,Ohio,Shelby,39149,Prevention,CHECKUP,Visits to doctor for routine checkup within the past year among adults,Annual Checkup,75.4,71.5,79.3,47671,36084,0.10344827586206892
2022,OH,Ohio,Shelby,39149,Health Risk Behaviors,CSMOKING,Current cigarette smoking among adults,Current Cigarette Smoking,20.3,18,22.8,47671,36084,0.23645320197044337
2022,OH,Ohio,Shelby,39149,Health Outcomes,DEPRESSION,Depression among adults,Depression,27.8,24.2,31.9,47671,36084,0.276978417266187
2022,OH,Ohio,Shelby,39149,Health Outcomes,DIABETES,Diagnosed diabetes among adults,Diabetes,11.4,9.9,13,47671,36084,0.27192982456140347
2022,OH,Ohio,Shelby,39149,Health-Related Social Needs,FOODINSECU,Food insecurity in the past 12 months among adults,Food Insecurity,12.4,10.9,13.9,47671,36084,0.24193548387096772
2022,OH,Ohio,Shelby,39149,Health-Related Social Needs,LACKTRPT,Lack of reliable transportation in the past 12 months among adults,Transportation Barriers,8.4,7.6,9.3,47671,36084,0.2023809523809525
2022,OH,Ohio,Shelby,39149,Health Risk Behaviors,LPA,No leisure-time physical activity among adults,Physical Inactivity,25.2,21.6,29.4,47671,36084,0.3095238095238094
2022,OH,Ohio,Shelby,39149,Prevention,MAMMOUSE,Mammography use among women aged 50-74 years,Mammography,73.9,66.4,81,47671,36084,0.19756427604871438
2022,OH,Ohio,Shelby,39149,Health Status,MHLTH,Frequent mental distress among adults,Frequent Mental Distress,21.2,19.3,23.2,47671,36084,0.18396226415094333
2022,OH,Ohio,Shelby,39149,Health Outcomes,OBESITY,Obesity among adults,Obesity,37.9,31.3,45.5,47671,36084,0.37467018469656993
2022,OH,Ohio,Stark,39151,Prevention,ACCESS2,Current lack of health insurance among adults aged 18-64 years,Health Insurance,8.3,7.3,9.3,372657,293217,0.24096385542168683
2021,OH,Ohio,Stark,39151,Health Outcomes,BPHIGH,High blood pressure among adults,High Blood Pressure,33.8,30.5,37.3,372657,293217,0.20118343195266267
2022,OH,Ohio,Stark,39151,Prevention,CHECKUP,Visits to doctor for routine checkup within the past year among adults,Annual Checkup,75.5,72,78.6,372657,293217,0.08741721854304628
2022,OH,Ohio,Stark,39151,Health Risk Behaviors,CSMOKING,Current cigarette smoking among adults,Current Cigarette Smoking,17,15.1,19,372657,293217,0.22941176470588237
2022,OH,Ohio,Stark,39151,Health Outcomes,DEPRESSION,Depression among adults,Depression,24.4,21.4,27.4,372657,293217,0.24590163934426232
2022,OH,Ohio,Stark,39151,Health Outcomes,DIABETES,Diagnosed diabetes among adults,Diabetes,10.8,9.5,12.2,372657,293217,0.24999999999999992
2022,OH,Ohio,Stark,39151,Health-Related Social Needs,FOODINSECU,Food insecurity in the past 12 months among adults,Food Insecurity,13.4,11.9,14.9,372657,293217,0.22388059701492538
2022,OH,Ohio,Stark,39151,Health-Related Social Needs,LACKTRPT,Lack of reliable transportation in the past 12 months among adults,Transportation Barriers,8.6,7.8,9.5,372657,293217,0.19767441860465118
2022,OH,Ohio,Stark,39151,Health Risk Behaviors,LPA,No leisure-time physical activity among adults,Physical Inactivity,22.7,19.9,25.7,372657,293217,0.25550660792951546
2022,OH,Ohio,Stark,39151,Prevention,MAMMOUSE,Mammography use among women aged 50-74 years,Mammography,71.4,64.5,77.6,372657,293217,0.1834733893557422
2022,OH,Ohio,Stark,39151,Health Status,MHLTH,Frequent mental distress among adults,Frequent Mental Distress,18.5,16.9,20.3,372657,293217,0.1837837837837839
2022,OH,Ohio,Stark,39151,Health Outcomes,OBESITY,Obesity among adults,Obesity,38.3,33.6,42.9,372657,293217,0.2428198433420365
2022,OH,Ohio,Summit,39153,Prevention,ACCESS2,Current lack of health insurance among adults aged 18-64 years,Health Insurance,7.2,6.5,8.1,535882,426254,0.22222222222222215
2021,OH,Ohio,Summit,39153,Health Outcomes,BPHIGH,High blood pressure among adults,High Blood Pressure,30.7,27.9,33.7,535882,426254,0.1889250814332249
2022,OH,Ohio,Summit,39153,Prevention,CHECKUP,Visits to doctor for routine checkup within the past year among adults,Annual Checkup,76.2,73.3,78.8,535882,426254,0.0721784776902887
2022,OH,Ohio,Summit,39153,Health Risk Behaviors,CSMOKING,Current cigarette smoking among adults,Current Cigarette Smoking,17.5,15.8,19.3,535882,426254,0.2
2022,OH,Ohio,Summit,39153,Health Outcomes,DEPRESSION,Depression among adults,Depression,26,23.3,28.7,535882,426254,0.20769230769230765
2022,OH,Ohio,Summit,39153,Health Outcomes,DIABETES,Diagnosed diabetes among adults,Diabetes,11.2,10,12.5,535882,426254,0.22321428571428573
2022,OH,Ohio,Summit,39153,Health-Related Social Needs,FOODINSECU,Food insecurity in the past 12 months among adults,Food Insecurity,12.8,11.5,14.3,535882,426254,0.21875000000000006
2022,OH,Ohio,Summit,39153,Health-Related Social Needs,LACKTRPT,Lack of reliable transportation in the past 12 months among adults,Transportation Barriers,8.5,7.7,9.4,535882,426254,0.2
2022,OH,Ohio,Summit,39153,Health Risk Behaviors,LPA,No leisure-time physical activity among adults,Physical Inactivity,23.5,20.9,26.2,535882,426254,0.22553191489361704
2022,OH,Ohio,Summit,39153,Prevention,MAMMOUSE,Mammography use among women aged 50-74 years,Mammography,71.6,65.4,77,535882,426254,0.16201117318435748
2022,OH,Ohio,Summit,39153,Health Status,MHLTH,Frequent mental distress among adults,Frequent Mental Distress,19.3,17.7,20.9,535882,426254,0.1658031088082901
2022,OH,Ohio,Summit,39153,Health Outcomes,OBESITY,Obesity among adults,Obesity,39.5,35.5,43.4,535882,426254,0.19999999999999996
2022,OH,Ohio,Trumbull,39155,Prevention,ACCESS2,Current lack of health insurance among adults aged 18-64 years,Health Insurance,9.3,8.2,10.4,200643,159684,0.23655913978494633
2021,OH,Ohio,Trumbull,39155,Health Outcomes,BPHIGH,High blood pressure among adults,High Blood Pressure,34.6,31.3,38.2,200643,159684,0.19942196531791914
2022,OH,Ohio,Trumbull,39155,Prevention,CHECKUP,Visits to doctor for routine checkup within the past year among adults,Annual Checkup,76.2,72.9,79.4,200643,159684,0.0853018372703412
2022,OH,Ohio,Trumbull,39155,Health Risk Behaviors,CSMOKING,Current cigarette smoking among adults,Current Cigarette Smoking,24.2,21.9,26.8,200643,159684,0.2024793388429753
2022,OH,Ohio,Trumbull,39155,Health Outcomes,DEPRESSION,Depression among adults,Depression,28,24.7,31.4,200643,159684,0.23928571428571427
2022,OH,Ohio,Trumbull,39155,Health Outcomes,DIABETES,Diagnosed diabetes among adults,Diabetes,12.8,11.4,14.3,200643,159684,0.22656250000000003
2022,OH,Ohio,Trumbull,39155,Health-Related Social Needs,FOODINSECU,Food insecurity in the past 12 months among adults,Food Insecurity,15.3,13.8,17.1,200643,159684,0.21568627450980396
2022,OH,Ohio,Trumbull,39155,Health-Related Social Needs,LACKTRPT,Lack of reliable transportation in the past 12 months among adults,Transportation Barriers,9.9,9,10.9,200643,159684,0.19191919191919196
2022,OH,Ohio,Trumbull,39155,Health Risk Behaviors,LPA,No leisure-time physical activity among adults,Physical Inactivity,30.3,26.7,34,200643,159684,0.24092409240924095
2022,OH,Ohio,Trumbull,39155,Prevention,MAMMOUSE,Mammography use among women aged 50-74 years,Mammography,76.7,70.5,82.3,200643,159684,0.1538461538461538
2022,OH,Ohio,Trumbull,39155,Health Status,MHLTH,Frequent mental distress among adults,Frequent Mental Distress,23.3,21.4,25.3,200643,159684,0.16738197424892712
2022,OH,Ohio,Trumbull,39155,Health Outcomes,OBESITY,Obesity among adults,Obesity,44.6,39.3,49.9,200643,159684,0.2376681614349776
2022,OH,Ohio,Tuscarawas,39157,Prevention,ACCESS2,Current lack of health insurance among adults aged 18-64 years,Health Insurance,8.4,7.5,9.4,91937,71061,0.22619047619047622
2021,OH,Ohio,Tuscarawas,39157,Health Outcomes,BPHIGH,High blood pressure among adults,High Blood Pressure,33.4,29.8,37.1,91937,71061,0.21856287425149704
2022,OH,Ohio,Tuscarawas,39157,Prevention,CHECKUP,Visits to doctor for routine checkup within the past year among adults,Annual Checkup,76.7,73.1,79.9,91937,71061,0.0886571056062583
2022,OH,Ohio,Tuscarawas,39157,Health Risk Behaviors,CSMOKING,Current cigarette smoking among adults,Current Cigarette Smoking,23.2,20.8,25.6,91937,71061,0.20689655172413796
2022,OH,Ohio,Tuscarawas,39157,Health Outcomes,DEPRESSION,Depression among adults,Depression,25.9,22.6,29.4,91937,71061,0.26254826254826247
2022,OH,Ohio,Tuscarawas,39157,Health Outcomes,DIABETES,Diagnosed diabetes among adults,Diabetes,12,10.6,13.5,91937,71061,0.2416666666666667
2022,OH,Ohio,Tuscarawas,39157,Health-Related Social Needs,FOODINSECU,Food insecurity in the past 12 months among adults,Food Insecurity,13.9,12.3,15.5,91937,71061,0.23021582733812945
2022,OH,Ohio,Tuscarawas,39157,Health-Related Social Needs,LACKTRPT,Lack of reliable transportation in the past 12 months among adults,Transportation Barriers,8.8,7.9,9.7,91937,71061,0.20454545454545442
2022,OH,Ohio,Tuscarawas,39157,Health Risk Behaviors,LPA,No leisure-time physical activity among adults,Physical Inactivity,30,26.4,33.7,91937,71061,0.24333333333333348
2022,OH,Ohio,Tuscarawas,39157,Prevention,MAMMOUSE,Mammography use among women aged 50-74 years,Mammography,73.5,66.7,79.8,91937,71061,0.17823129251700673
2022,OH,Ohio,Tuscarawas,39157,Health Status,MHLTH,Frequent mental distress among adults,Frequent Mental Distress,20.6,18.7,22.5,91937,71061,0.18446601941747576
2022,OH,Ohio,Tuscarawas,39157,Health Outcomes,OBESITY,Obesity among adults,Obesity,43.7,38.3,49,91937,71061,0.24485125858123574
2022,OH,Ohio,Union,39159,Prevention,ACCESS2,Current lack of health insurance among adults aged 18-64 years,Health Insurance,4.2,3.7,4.9,66898,50934,0.28571428571428575
2021,OH,Ohio,Union,39159,Health Outcomes,BPHIGH,High blood pressure among adults,High Blood Pressure,29.9,26,33.8,66898,50934,0.26086956521739124
2022,OH,Ohio,Union,39159,Prevention,CHECKUP,Visits to doctor for routine checkup within the past year among adults,Annual Checkup,77.6,74,81,66898,50934,0.09020618556701032
2022,OH,Ohio,Union,39159,Health Risk Behaviors,CSMOKING,Current cigarette smoking among adults,Current Cigarette Smoking,14.4,12.6,16.2,66898,50934,0.24999999999999997
2022,OH,Ohio,Union,39159,Health Outcomes,DEPRESSION,Depression among adults,Depression,25.3,22,28.9,66898,50934,0.27272727272727265
2022,OH,Ohio,Union,39159,Health Outcomes,DIABETES,Diagnosed diabetes among adults,Diabetes,8.7,7.5,10,66898,50934,0.2873563218390805
2022,OH,Ohio,Union,39159,Health-Related Social Needs,FOODINSECU,Food insecurity in the past 12 months among adults,Food Insecurity,8.9,7.8,10,66898,50934,0.24719101123595508
2022,OH,Ohio,Union,39159,Health-Related Social Needs,LACKTRPT,Lack of reliable transportation in the past 12 months among adults,Transportation Barriers,6.3,5.7,7,66898,50934,0.20634920634920634
2022,OH,Ohio,Union,39159,Health Risk Behaviors,LPA,No leisure-time physical activity among adults,Physical Inactivity,20.1,17.1,23.5,66898,50934,0.31840796019900486
2022,OH,Ohio,Union,39159,Prevention,MAMMOUSE,Mammography use among women aged 50-74 years,Mammography,78.9,72,84.8,66898,50934,0.16223067173637512
2022,OH,Ohio,Union,39159,Health Status,MHLTH,Frequent mental distress among adults,Frequent Mental Distress,17.3,15.7,19.1,66898,50934,0.19653179190751457
2022,OH,Ohio,Union,39159,Health Outcomes,OBESITY,Obesity among adults,Obesity,37.4,31.7,43.4,66898,50934,0.31283422459893045
2022,OH,Ohio,Van Wert,39161,Prevention,ACCESS2,Current lack of health insurance among adults aged 18-64 years,Health Insurance,8.1,7.1,9.1,28769,22136,0.2469135802469136
2021,OH,Ohio,Van Wert,39161,Health Outcomes,BPHIGH,High blood pressure among adults,High Blood Pressure,33.1,29.2,37.4,28769,22136,0.24773413897280963
2022,OH,Ohio,Van Wert,39161,Prevention,CHECKUP,Visits to doctor for routine checkup within the past year among adults,Annual Checkup,76,71.9,79.5,28769,22136,0.09999999999999992
2022,OH,Ohio,Van Wert,39161,Health Risk Behaviors,CSMOKING,Current cigarette smoking among adults,Current Cigarette Smoking,18.9,16.6,21.1,28769,22136,0.2380952380952381
2022,OH,Ohio,Van Wert,39161,Health Outcomes,DEPRESSION,Depression among adults,Depression,27.6,23.7,31.4,28769,22136,0.2789855072463768
2022,OH,Ohio,Van Wert,39161,Health Outcomes,DIABETES,Diagnosed diabetes among adults,Diabetes,10.9,9.5,12.4,28769,22136,0.26605504587155965
2022,OH,Ohio,Van Wert,39161,Health-Related Social Needs,FOODINSECU,Food insecurity in the past 12 months among adults,Food Insecurity,12.1,10.7,13.7,28769,22136,0.24793388429752067
2022,OH,Ohio,Van Wert,39161,Health-Related Social Needs,LACKTRPT,Lack of reliable transportation in the past 12 months among adults,Transportation Barriers,8,7.2,8.9,28769,22136,0.21250000000000002
2022,OH,Ohio,Van Wert,39161,Health Risk Behaviors,LPA,No leisure-time physical activity among adults,Physical Inactivity,24.7,21,28.5,28769,22136,0.3036437246963563
2022,OH,Ohio,Van Wert,39161,Prevention,MAMMOUSE,Mammography use among women aged 50-74 years,Mammography,75.2,67.5,81.9,28769,22136,0.19148936170212774
2022,OH,Ohio,Van Wert,39161,Health Status,MHLTH,Frequent mental distress among adults,Frequent Mental Distress,20.4,18.5,22.3,28769,22136,0.18627450980392163
2022,OH,Ohio,Van Wert,39161,Health Outcomes,OBESITY,Obesity among adults,Obesity,42.3,35.5,49,28769,22136,0.3191489361702128
2022,OH,Ohio,Vinton,39163,Prevention,ACCESS2,Current lack of health insurance among adults aged 18-64 years,Health Insurance,12.6,11.2,14,12565,9920,0.2222222222222223
2021,OH,Ohio,Vinton,39163,Health Outcomes,BPHIGH,High blood pressure among adults,High Blood Pressure,37.2,32.8,41.6,12565,9920,0.23655913978494633
2022,OH,Ohio,Vinton,39163,Prevention,CHECKUP,Visits to doctor for routine checkup within the past year among adults,Annual Checkup,75.3,71.3,79.2,12565,9920,0.10491367861885798
2022,OH,Ohio,Vinton,39163,Health Risk Behaviors,CSMOKING,Current cigarette smoking among adults,Current Cigarette Smoking,26.5,23.7,29.5,12565,9920,0.21886792452830192
2022,OH,Ohio,Vinton,39163,Health Outcomes,DEPRESSION,Depression among adults,Depression,30.2,26.2,34.5,12565,9920,0.27483443708609273
2022,OH,Ohio,Vinton,39163,Health Outcomes,DIABETES,Diagnosed diabetes among adults,Diabetes,12.8,11.2,14.6,12565,9920,0.265625
2022,OH,Ohio,Vinton,39163,Health-Related Social Needs,FOODINSECU,Food insecurity in the past 12 months among adults,Food Insecurity,18.2,16.4,20.3,12565,9920,0.2142857142857144
2022,OH,Ohio,Vinton,39163,Health-Related Social Needs,LACKTRPT,Lack of reliable transportation in the past 12 months among adults,Transportation Barriers,11.4,10.4,12.6,12565,9920,0.1929824561403508
2022,OH,Ohio,Vinton,39163,Health Risk Behaviors,LPA,No leisure-time physical activity among adults,Physical Inactivity,32.5,28.1,37.5,12565,9920,0.2892307692307692
2022,OH,Ohio,Vinton,39163,Prevention,MAMMOUSE,Mammography use among women aged 50-74 years,Mammography,66.9,58,75.2,12565,9920,0.25710014947683113
2022,OH,Ohio,Vinton,39163,Health Status,MHLTH,Frequent mental distress among adults,Frequent Mental Distress,24,21.8,26.2,12565,9920,0.18333333333333326
2022,OH,Ohio,Vinton,39163,Health Outcomes,OBESITY,Obesity among adults,Obesity,41.2,33.9,49.2,12565,9920,0.37135922330097093
2022,OH,Ohio,Warren,39165,Prevention,ACCESS2,Current lack of health insurance among adults aged 18-64 years,Health Insurance,5,4.5,5.7,249778,191037,0.24000000000000005
2021,OH,Ohio,Warren,39165,Health Outcomes,BPHIGH,High blood pressure among adults,High Blood Pressure,28.8,25.4,32.4,249778,191037,0.24305555555555555
2022,OH,Ohio,Warren,39165,Prevention,CHECKUP,Visits to doctor for routine checkup within the past year among adults,Annual Checkup,78.4,74.9,81.6,249778,191037,0.08545918367346923
2022,OH,Ohio,Warren,39165,Health Risk Behaviors,CSMOKING,Current cigarette smoking among adults,Current Cigarette Smoking,13.4,11.8,15.1,249778,191037,0.24626865671641782
2022,OH,Ohio,Warren,39165,Health Outcomes,DEPRESSION,Depression among adults,Depression,22.6,19.5,26,249778,191037,0.28761061946902655
2022,OH,Ohio,Warren,39165,Health Outcomes,DIABETES,Diagnosed diabetes among adults,Diabetes,9.9,8.6,11.2,249778,191037,0.2626262626262626
2022,OH,Ohio,Warren,39165,Health-Related Social Needs,FOODINSECU,Food insecurity in the past 12 months among adults,Food Insecurity,7.3,6.5,8.2,249778,191037,0.23287671232876703
2022,OH,Ohio,Warren,39165,Health-Related Social Needs,LACKTRPT,Lack of reliable transportation in the past 12 months among adults,Transportation Barriers,5.5,5,6,249778,191037,0.18181818181818182
2022,OH,Ohio,Warren,39165,Health Risk Behaviors,LPA,No leisure-time physical activity among adults,Physical Inactivity,20.8,17.7,24.1,249778,191037,0.30769230769230776
2022,OH,Ohio,Warren,39165,Prevention,MAMMOUSE,Mammography use among women aged 50-74 years,Mammography,79.1,72.6,84.6,249778,191037,0.15170670037926676
2022,OH,Ohio,Warren,39165,Health Status,MHLTH,Frequent mental distress among adults,Frequent Mental Distress,17,15.4,18.7,249778,191037,0.19411764705882348
2022,OH,Ohio,Warren,39165,Health Outcomes,OBESITY,Obesity among adults,Obesity,34.1,28.4,40,249778,191037,0.3401759530791789
2022,OH,Ohio,Washington,39167,Prevention,ACCESS2,Current lack of health insurance among adults aged 18-64 years,Health Insurance,6.5,5.7,7.3,58901,47490,0.2461538461538461
2021,OH,Ohio,Washington,39167,Health Outcomes,BPHIGH,High blood pressure among adults,High Blood Pressure,33.6,30.4,37.1,58901,47490,0.19940476190476197
2022,OH,Ohio,Washington,39167,Prevention,CHECKUP,Visits to doctor for routine checkup within the past year among adults,Annual Checkup,76.1,72.7,79.4,58901,47490,0.08804204993429703
2022,OH,Ohio,Washington,39167,Health Risk Behaviors,CSMOKING,Current cigarette smoking among adults,Current Cigarette Smoking,21.2,19,23.6,58901,47490,0.21698113207547176
2022,OH,Ohio,Washington,39167,Health Outcomes,DEPRESSION,Depression among adults,Depression,29.1,25.8,32.7,58901,47490,0.23711340206185574
2022,OH,Ohio,Washington,39167,Health Outcomes,DIABETES,Diagnosed diabetes among adults,Diabetes,12,10.5,13.6,58901,47490,0.2583333333333333
2022,OH,Ohio,Washington,39167,Health-Related Social Needs,FOODINSECU,Food insecurity in the past 12 months among adults,Food Insecurity,13.1,11.7,14.7,58901,47490,0.22900763358778625
2022,OH,Ohio,Washington,39167,Health-Related Social Needs,LACKTRPT,Lack of reliable transportation in the past 12 months among adults,Transportation Barriers,8.7,7.9,9.6,58901,47490,0.19540229885057464
2022,OH,Ohio,Washington,39167,Health Risk Behaviors,LPA,No leisure-time physical activity among adults,Physical Inactivity,27.7,24.4,31.3,58901,47490,0.2490974729241878
2022,OH,Ohio,Washington,39167,Prevention,MAMMOUSE,Mammography use among women aged 50-74 years,Mammography,73.3,66.3,79.5,58901,47490,0.18008185538881313
2022,OH,Ohio,Washington,39167,Health Status,MHLTH,Frequent mental distress among adults,Frequent Mental Distress,21,19.2,23,58901,47490,0.18095238095238098
2022,OH,Ohio,Washington,39167,Health Outcomes,OBESITY,Obesity among adults,Obesity,44.7,39.6,49.9,58901,47490,0.23042505592841156
2022,OH,Ohio,Wayne,39169,Prevention,ACCESS2,Current lack of health insurance among adults aged 18-64 years,Health Insurance,8.8,7.8,9.8,116559,88921,0.22727272727272735
2021,OH,Ohio,Wayne,39169,Health Outcomes,BPHIGH,High blood pressure among adults,High Blood Pressure,32.4,28.4,36.2,116559,88921,0.2407407407407409
2022,OH,Ohio,Wayne,39169,Prevention,CHECKUP,Visits to doctor for routine checkup within the past year among adults,Annual Checkup,74.9,70.9,78.5,116559,88921,0.10146862483311073
2022,OH,Ohio,Wayne,39169,Health Risk Behaviors,CSMOKING,Current cigarette smoking among adults,Current Cigarette Smoking,19,16.9,21.2,116559,88921,0.22631578947368425
2022,OH,Ohio,Wayne,39169,Health Outcomes,DEPRESSION,Depression among adults,Depression,26.7,23.1,30.5,116559,88921,0.2771535580524344
2022,OH,Ohio,Wayne,39169,Health Outcomes,DIABETES,Diagnosed diabetes among adults,Diabetes,10.6,9.2,12.1,116559,88921,0.2735849056603774
2022,OH,Ohio,Wayne,39169,Health-Related Social Needs,FOODINSECU,Food insecurity in the past 12 months among adults,Food Insecurity,11.8,10.5,13.2,116559,88921,0.22881355932203382
2022,OH,Ohio,Wayne,39169,Health-Related Social Needs,LACKTRPT,Lack of reliable transportation in the past 12 months among adults,Transportation Barriers,7.8,7.1,8.6,116559,88921,0.19230769230769232
2022,OH,Ohio,Wayne,39169,Health Risk Behaviors,LPA,No leisure-time physical activity among adults,Physical Inactivity,24,20.5,27.8,116559,88921,0.3041666666666667
2022,OH,Ohio,Wayne,39169,Prevention,MAMMOUSE,Mammography use among women aged 50-74 years,Mammography,72.4,64.6,79.2,116559,88921,0.201657458563536
2022,OH,Ohio,Wayne,39169,Health Status,MHLTH,Frequent mental distress among adults,Frequent Mental Distress,20.1,18.2,21.9,116559,88921,0.1840796019900497
2022,OH,Ohio,Wayne,39169,Health Outcomes,OBESITY,Obesity among adults,Obesity,40.1,33.9,46.7,116559,88921,0.31920199501246893
2022,OH,Ohio,Williams,39171,Prevention,ACCESS2,Current lack of health insurance among adults aged 18-64 years,Health Insurance,9.6,8.5,10.7,36652,28687,0.2291666666666666
2021,OH,Ohio,Williams,39171,Health Outcomes,BPHIGH,High blood pressure among adults,High Blood Pressure,33.3,29.2,37.5,36652,28687,0.2492492492492493
2022,OH,Ohio,Williams,39171,Prevention,CHECKUP,Visits to doctor for routine checkup within the past year among adults,Annual Checkup,75.3,71.3,79,36652,28687,0.102257636122178
2022,OH,Ohio,Williams,39171,Health Risk Behaviors,CSMOKING,Current cigarette smoking among adults,Current Cigarette Smoking,20,17.7,22.3,36652,28687,0.23000000000000007
2022,OH,Ohio,Williams,39171,Health Outcomes,DEPRESSION,Depression among adults,Depression,27.2,23.4,31.1,36652,28687,0.28308823529411775
2022,OH,Ohio,Williams,39171,Health Outcomes,DIABETES,Diagnosed diabetes among adults,Diabetes,11.5,10,13,36652,28687,0.2608695652173913
2022,OH,Ohio,Williams,39171,Health-Related Social Needs,FOODINSECU,Food insecurity in the past 12 months among adults,Food Insecurity,14.8,13.1,16.6,36652,28687,0.2364864864864866
2022,OH,Ohio,Williams,39171,Health-Related Social Needs,LACKTRPT,Lack of reliable transportation in the past 12 months among adults,Transportation Barriers,9.7,8.7,10.7,36652,28687,0.2061855670103093
2022,OH,Ohio,Williams,39171,Health Risk Behaviors,LPA,No leisure-time physical activity among adults,Physical Inactivity,26.4,22.5,30.6,36652,28687,0.3068181818181819
2022,OH,Ohio,Williams,39171,Prevention,MAMMOUSE,Mammography use among women aged 50-74 years,Mammography,75.6,67.9,82,36652,28687,0.18650793650793646
2022,OH,Ohio,Williams,39171,Health Status,MHLTH,Frequent mental distress among adults,Frequent Mental Distress,20.6,18.7,22.6,36652,28687,0.18932038834951465
2022,OH,Ohio,Williams,39171,Health Outcomes,OBESITY,Obesity among adults,Obesity,41.5,34.3,48.7,36652,28687,0.3469879518072291
2022,OH,Ohio,Wood,39173,Prevention,ACCESS2,Current lack of health insurance among adults aged 18-64 years,Health Insurance,6.2,5.5,7,131592,105161,0.24193548387096772
2021,OH,Ohio,Wood,39173,Health Outcomes,BPHIGH,High blood pressure among adults,High Blood Pressure,31.4,28.1,35,131592,105161,0.21974522292993626
2022,OH,Ohio,Wood,39173,Prevention,CHECKUP,Visits to doctor for routine checkup within the past year among adults,Annual Checkup,77.2,74,80.3,131592,105161,0.08160621761658027
2022,OH,Ohio,Wood,39173,Health Risk Behaviors,CSMOKING,Current cigarette smoking among adults,Current Cigarette Smoking,15.7,14,17.7,131592,105161,0.23566878980891717
2022,OH,Ohio,Wood,39173,Health Outcomes,DEPRESSION,Depression among adults,Depression,26.1,23,29.4,131592,105161,0.2452107279693486
2022,OH,Ohio,Wood,39173,Health Outcomes,DIABETES,Diagnosed diabetes among adults,Diabetes,10.6,9.4,12,131592,105161,0.2452830188679245
2022,OH,Ohio,Wood,39173,Health-Related Social Needs,FOODINSECU,Food insecurity in the past 12 months among adults,Food Insecurity,10,8.8,11.3,131592,105161,0.25
2022,OH,Ohio,Wood,39173,Health-Related Social Needs,LACKTRPT,Lack of reliable transportation in the past 12 months among adults,Transportation Barriers,7,6.3,7.7,131592,105161,0.20000000000000004
2022,OH,Ohio,Wood,39173,Health Risk Behaviors,LPA,No leisure-time physical activity among adults,Physical Inactivity,23.5,20.5,26.8,131592,105161,0.2680851063829788
2022,OH,Ohio,Wood,39173,Prevention,MAMMOUSE,Mammography use among women aged 50-74 years,Mammography,76.2,69.4,81.9,131592,105161,0.16404199475065617
2022,OH,Ohio,Wood,39173,Health Status,MHLTH,Frequent mental distress among adults,Frequent Mental Distress,19.2,17.5,20.9,131592,105161,0.17708333333333326
2022,OH,Ohio,Wood,39173,Health Outcomes,OBESITY,Obesity among adults,Obesity,35.7,30.7,41.1,131592,105161,0.2913165266106443
2022,OH,Ohio,Wyandot,39175,Prevention,ACCESS2,Current lack of health insurance among adults aged 18-64 years,Health Insurance,7.3,6.4,8.2,21567,16838,0.24657534246575327
2021,OH,Ohio,Wyandot,39175,Health Outcomes,BPHIGH,High blood pressure among adults,High Blood Pressure,30.6,26.8,34.7,21567,16838,0.25816993464052296
2022,OH,Ohio,Wyandot,39175,Prevention,CHECKUP,Visits to doctor for routine checkup within the past year among adults,Annual Checkup,75.6,71.5,79.2,21567,16838,0.1018518518518519
2022,OH,Ohio,Wyandot,39175,Health Risk Behaviors,CSMOKING,Current cigarette smoking among adults,Current Cigarette Smoking,18,15.8,20.2,21567,16838,0.24444444444444435
2022,OH,Ohio,Wyandot,39175,Health Outcomes,DEPRESSION,Depression among adults,Depression,27.4,23.5,31.1,21567,16838,0.2773722627737227
2022,OH,Ohio,Wyandot,39175,Health Outcomes,DIABETES,Diagnosed diabetes among adults,Diabetes,10.3,8.9,11.7,21567,16838,0.27184466019417464
2022,OH,Ohio,Wyandot,39175,Health-Related Social Needs,FOODINSECU,Food insecurity in the past 12 months among adults,Food Insecurity,9,7.9,10.2,21567,16838,0.2555555555555554
2022,OH,Ohio,Wyandot,39175,Health-Related Social Needs,LACKTRPT,Lack of reliable transportation in the past 12 months among adults,Transportation Barriers,6.7,6.1,7.4,21567,16838,0.19402985074626874
2022,OH,Ohio,Wyandot,39175,Health Risk Behaviors,LPA,No leisure-time physical activity among adults,Physical Inactivity,25.6,21.6,29.5,21567,16838,0.30859374999999994
2022,OH,Ohio,Wyandot,39175,Prevention,MAMMOUSE,Mammography use among women aged 50-74 years,Mammography,76.3,68.4,82.6,21567,16838,0.1861074705111401
2022,OH,Ohio,Wyandot,39175,Health Status,MHLTH,Frequent mental distress among adults,Frequent Mental Distress,20,18.1,21.8,21567,16838,0.18499999999999997
2022,OH,Ohio,Wyandot,39175,Health Outcomes,OBESITY,Obesity among adults,Obesity,40,32.7,47,21567,16838,0.35749999999999993
